map1_70kx_onzap_CL4100.jpg,1,823.0,959.0,895.0,1011.0
map1_70kx_onzap_CL4100.jpg,1,341.0,825.0,396.0,881.0
map1_70kx_onzap_CL4100.jpg,1,24.0,487.0,106.0,552.0
map1_70kx_onzap_CL4100.jpg,1,49.0,343.0,106.0,400.0
map1_70kx_onzap_CL4100.jpg,1,519.0,46.0,581.0,119.0
map1_70kx_onzap_CL4100.jpg,1,430.0,527.0,489.0,586.0
map1_70kx_onzap_CL4100.jpg,1,319.0,36.0,364.0,89.0
map1_70kx_onzap_CL4100.jpg,1,690.0,207.0,739.0,271.0
map1_70kx_onzap_CL4100.jpg,1,218.0,659.0,260.0,709.0
map1_70kx_onzap_CL4100.jpg,1,88.0,614.0,135.0,664.0
map1_70kx_onzap_CL4100.jpg,1,932.0,605.0,986.0,661.0
map1_70kx_onzap_CL4100.jpg,1,753.0,480.0,787.0,518.0
map1_70kx_onzap_CL4100.jpg,1,255.0,412.0,312.0,463.0
map1_70kx_onzap_CL4100.jpg,1,575.0,98.0,623.0,141.0
map1_70kx_onzap_CL4100.jpg,1,974.0,242.0,1008.0,273.0
map1_70kx_onzap_CL4100.jpg,1,298.0,345.0,333.0,391.0
map1_70kx_onzap_CL4100.jpg,1,111.0,699.0,177.0,733.0
map1_70kx_onzap_CL4100.jpg,1,531.0,304.0,616.0,378.0
map1_70kx_onzap_CL4100.jpg,1,30.0,909.0,83.0,948.0
map1_70kx_onzap_CL4100.jpg,1,585.0,481.0,630.0,509.0
map1_70kx_onzap_CL4100.jpg,1,173.0,358.0,215.0,389.0
map1_70kx_onzap_CL4100.jpg,1,130.0,473.0,170.0,498.0
map1_70kx_onzap_CL4100.jpg,1,920.0,547.0,975.0,590.0
map1_70kx_onzap_CL4100.jpg,1,843.0,606.0,867.0,651.0
map1_70kx_onzap_CL4100.jpg,1,258.0,292.0,308.0,351.0
map1_70kx_onzap_CL4100.jpg,1,451.0,188.0,524.0,245.0
map1_70kx_onzap_CL4100.jpg,1,675.0,103.0,707.0,139.0
map1_70kx_onzap_CL4100.jpg,1,789.0,29.0,822.0,69.0
map1_70kx_onzap_CL4100.jpg,1,858.0,378.0,887.0,412.0
map1_70kx_onzap_CL4100.jpg,1,713.0,887.0,743.0,925.0
map1_70kx_onzap_CL4100.jpg,1,593.0,18.0,632.0,41.0
map1_70kx_onzap_CL4100.jpg,1,429.0,482.0,470.0,528.0
map1_70kx_onzap_CL4100.jpg,1,506.0,3.0,541.0,44.0
map1_70kx_onzap_CL4100.jpg,1,592.0,521.0,639.0,550.0
map1_70kx_onzap_CL4100.jpg,1,983.0,736.0,1010.0,772.0
map1_70kx_onzap_CL4100.jpg,1,673.0,60.0,706.0,95.0
map1_70kx_onzap_CL4100.jpg,1,780.0,113.0,809.0,136.0
map1_70kx_onzap_CL4100.jpg,1,842.0,426.0,875.0,462.0
map1_70kx_onzap_CL4100.jpg,1,319.0,434.0,356.0,472.0
map1_70kx_onzap_CL4100.jpg,1,769.0,294.0,786.0,313.0
map1_70kx_onzap_CL4100.jpg,1,308.0,110.0,345.0,151.0
map1_70kx_onzap_CL4100.jpg,1,812.0,278.0,856.0,324.0
map1_70kx_onzap_CL4100.jpg,1,792.0,177.0,820.0,207.0
map1_70kx_onzap_CL4100.jpg,1,518.0,499.0,543.0,523.0
map1_70kx_onzap_CL4100.jpg,1,767.0,771.0,824.0,834.0
map1_70kx_onzap_CL4100.jpg,1,676.0,583.0,701.0,621.0
map1_70kx_onzap_CL4100.jpg,1,475.0,754.0,493.0,780.0
map1_70kx_onzap_CL4100.jpg,1,504.0,519.0,525.0,540.0
map1_70kx_onzap_CL4100.jpg,1,522.0,788.0,546.0,819.0
map1_70kx_onzap_CL4100.jpg,1,327.0,337.0,358.0,375.0
map1_70kx_onzap_CL4100.jpg,1,742.0,55.0,766.0,82.0
map1_70kx_onzap_CL4100.jpg,1,115.0,192.0,134.0,219.0
map1_70kx_onzap_CL4100.jpg,1,888.0,782.0,903.0,802.0
map1_70kx_onzap_CL4100.jpg,1,126.0,851.0,147.0,872.0
map1_70kx_onzap_CL4100.jpg,1,453.0,822.0,478.0,843.0
map1_70kx_onzap_CL4100.jpg,1,743.0,180.0,773.0,222.0
map1_70kx_onzap_CL4100.jpg,1,508.0,505.0,536.0,531.0
map1_70kx_onzap_CL4100.jpg,1,859.0,615.0,881.0,656.0
map1_70kx_onzap_CL4100.jpg,1,452.0,391.0,475.0,423.0
map1_70kx_onzap_CL4100.jpg,1,461.0,987.0,490.0,1010.0
map1_70kx_onzap_CL4100.jpg,1,445.0,133.0,461.0,152.0
map1_70kx_onzap_CL4100.jpg,1,592.0,648.0,646.0,694.0
map1_70kx_onzap_CL4100.jpg,1,533.0,128.0,558.0,165.0
map1_70kx_onzap_CL4100.jpg,1,860.0,101.0,951.0,163.0
map1_70kx_onzap_CL4100.jpg,1,537.0,835.0,614.0,908.0
200kV_500kx_p2nm_8cmCL_grain2_0034.jpg,1,10.0,128.0,58.0,173.0
200kV_500kx_p2nm_8cmCL_grain2_0034.jpg,1,382.0,67.0,417.0,107.0
200kV_500kx_p2nm_8cmCL_grain2_0034.jpg,1,112.0,65.0,144.0,98.0
200kV_500kx_p2nm_8cmCL_grain2_0034.jpg,1,176.0,33.0,243.0,85.0
200kV_500kx_p2nm_8cmCL_grain2_0034.jpg,1,39.0,95.0,91.0,136.0
200kV_500kx_p2nm_8cmCL_grain2_0034.jpg,1,481.0,303.0,512.0,329.0
200kV_500kx_p2nm_8cmCL_grain2_0034.jpg,1,440.0,220.0,475.0,251.0
200kV_500kx_p2nm_8cmCL_grain2_0034.jpg,1,6.0,315.0,44.0,354.0
200kV_500kx_p2nm_8cmCL_grain2_0034.jpg,1,174.0,676.0,204.0,713.0
200kV_500kx_p2nm_8cmCL_grain2_0034.jpg,1,515.0,60.0,544.0,95.0
200kV_500kx_p2nm_8cmCL_grain2_0034.jpg,1,208.0,648.0,238.0,675.0
200kV_500kx_p2nm_8cmCL_grain2_0034.jpg,1,5.0,68.0,37.0,106.0
200kV_500kx_p2nm_8cmCL_grain2_0034.jpg,1,681.0,416.0,706.0,437.0
200kV_500kx_p2nm_8cmCL_grain2_0034.jpg,1,249.0,629.0,270.0,652.0
200kV_500kx_p2nm_8cmCL_grain2_0034.jpg,1,324.0,618.0,347.0,645.0
200kV_500kx_p2nm_8cmCL_grain2_0034.jpg,1,652.0,177.0,681.0,197.0
200kV_500kx_p2nm_8cmCL_grain2_0034.jpg,1,295.0,77.0,332.0,120.0
200kV_500kx_p2nm_8cmCL_grain2_0034.jpg,1,195.0,575.0,220.0,598.0
200kV_500kx_p2nm_8cmCL_grain2_0034.jpg,1,819.0,90.0,841.0,118.0
200kV_500kx_p2nm_8cmCL_grain2_0034.jpg,1,451.0,401.0,476.0,421.0
200kV_500kx_p2nm_8cmCL_grain2_0034.jpg,1,701.0,651.0,727.0,679.0
200kV_500kx_p2nm_8cmCL_grain2_0034.jpg,1,759.0,5.0,789.0,26.0
200kV_500kx_p2nm_8cmCL_grain1_0056-Copy.jpg,1,36.0,628.0,100.0,707.0
200kV_500kx_p2nm_8cmCL_grain1_0056-Copy.jpg,1,495.0,723.0,565.0,792.0
200kV_500kx_p2nm_8cmCL_grain1_0056-Copy.jpg,1,281.0,934.0,343.0,1002.0
200kV_500kx_p2nm_8cmCL_grain1_0056-Copy.jpg,1,399.0,939.0,482.0,992.0
200kV_500kx_p2nm_8cmCL_grain1_0056-Copy.jpg,1,514.0,813.0,583.0,903.0
200kV_500kx_p2nm_8cmCL_grain1_0056-Copy.jpg,1,804.0,909.0,873.0,971.0
200kV_500kx_p2nm_8cmCL_grain1_0056-Copy.jpg,1,819.0,754.0,871.0,811.0
200kV_500kx_p2nm_8cmCL_grain1_0056-Copy.jpg,1,634.0,148.0,678.0,189.0
200kV_500kx_p2nm_8cmCL_grain1_0056-Copy.jpg,1,656.0,57.0,705.0,97.0
200kV_500kx_p2nm_8cmCL_grain1_0056-Copy.jpg,1,886.0,879.0,997.0,965.0
200kV_500kx_p2nm_8cmCL_grain1_0056-Copy.jpg,1,956.0,611.0,992.0,657.0
200kV_500kx_p2nm_8cmCL_grain1_0056-Copy.jpg,1,910.0,564.0,958.0,598.0
200kV_500kx_p2nm_8cmCL_grain1_0056-Copy.jpg,1,575.0,824.0,669.0,906.0
200kV_500kx_p2nm_8cmCL_grain1_0056-Copy.jpg,1,709.0,577.0,746.0,626.0
200kV_500kx_p2nm_8cmCL_grain1_0056-Copy.jpg,1,226.0,641.0,264.0,689.0
200kV_500kx_p2nm_8cmCL_grain1_0056-Copy.jpg,1,971.0,512.0,1002.0,552.0
200kV_500kx_p2nm_8cmCL_grain1_0056-Copy.jpg,1,702.0,764.0,756.0,816.0
200kV_500kx_p2nm_8cmCL_grain1_0056-Copy.jpg,1,663.0,748.0,711.0,783.0
200kV_500kx_p2nm_8cmCL_grain1_0056-Copy.jpg,1,272.0,860.0,311.0,908.0
200kV_500kx_p2nm_8cmCL_grain1_0056-Copy.jpg,1,227.0,587.0,261.0,630.0
200kV_500kx_p2nm_8cmCL_grain1_0056-Copy.jpg,1,950.0,742.0,997.0,780.0
200kV_500kx_p2nm_8cmCL_grain1_0056-Copy.jpg,1,3.0,918.0,49.0,986.0
200kV_500kx_p2nm_8cmCL_grain1_0056-Copy.jpg,1,388.0,782.0,431.0,833.0
200kV_500kx_p2nm_8cmCL_grain1_0056-Copy.jpg,1,616.0,449.0,660.0,481.0
200kV_500kx_p2nm_8cmCL_grain1_0056-Copy.jpg,1,114.0,908.0,151.0,956.0
200kV_500kx_p2nm_8cmCL_grain1_0056-Copy.jpg,1,829.0,727.0,877.0,765.0
200kV_500kx_p2nm_8cmCL_grain1_0056-Copy.jpg,1,44.0,822.0,85.0,863.0
200kV_500kx_p2nm_8cmCL_grain1_0056-Copy.jpg,1,506.0,453.0,545.0,482.0
200kV_500kx_p2nm_8cmCL_grain1_0056-Copy.jpg,1,491.0,576.0,525.0,602.0
200kV_500kx_p2nm_8cmCL_grain1_0056-Copy.jpg,1,867.0,301.0,891.0,327.0
200kV_500kx_p2nm_8cmCL_grain1_0056-Copy.jpg,1,930.0,163.0,953.0,192.0
200kV_500kx_p2nm_8cmCL_grain1_0056-Copy.jpg,1,258.0,810.0,284.0,850.0
200kV_500kx_p2nm_8cmCL_grain1_0090-Copy.jpg,1,23.0,705.0,105.0,768.0
200kV_500kx_p2nm_8cmCL_grain1_0090-Copy.jpg,1,866.0,443.0,936.0,521.0
200kV_500kx_p2nm_8cmCL_grain1_0090-Copy.jpg,1,470.0,601.0,546.0,720.0
200kV_500kx_p2nm_8cmCL_grain1_0090-Copy.jpg,1,582.0,562.0,650.0,664.0
200kV_500kx_p2nm_8cmCL_grain1_0090-Copy.jpg,1,652.0,694.0,728.0,746.0
200kV_500kx_p2nm_8cmCL_grain1_0090-Copy.jpg,1,137.0,665.0,210.0,739.0
200kV_500kx_p2nm_8cmCL_grain1_0090-Copy.jpg,1,370.0,420.0,424.0,481.0
200kV_500kx_p2nm_8cmCL_grain1_0090-Copy.jpg,1,851.0,692.0,897.0,763.0
200kV_500kx_p2nm_8cmCL_grain1_0090-Copy.jpg,1,693.0,583.0,798.0,653.0
200kV_500kx_p2nm_8cmCL_grain1_0090-Copy.jpg,1,300.0,728.0,423.0,807.0
200kV_500kx_p2nm_8cmCL_grain1_0090-Copy.jpg,1,749.0,524.0,817.0,572.0
200kV_500kx_p2nm_8cmCL_grain1_0090-Copy.jpg,1,783.0,416.0,841.0,489.0
200kV_500kx_p2nm_8cmCL_grain1_0090-Copy.jpg,1,827.0,531.0,872.0,605.0
200kV_500kx_p2nm_8cmCL_grain1_0090-Copy.jpg,1,619.0,315.0,676.0,351.0
200kV_500kx_p2nm_8cmCL_grain1_0090-Copy.jpg,1,485.0,451.0,521.0,513.0
200kV_500kx_p2nm_8cmCL_grain1_0090-Copy.jpg,1,285.0,452.0,330.0,483.0
200kV_500kx_p2nm_8cmCL_grain1_0090-Copy.jpg,1,882.0,588.0,982.0,695.0
200kV_500kx_p2nm_8cmCL_grain1_0090-Copy.jpg,1,99.0,612.0,158.0,674.0
200kV_500kx_p2nm_8cmCL_grain1_0090-Copy.jpg,1,309.0,355.0,333.0,392.0
200kV_500kx_p2nm_8cmCL_grain1_0090-Copy.jpg,1,325.0,191.0,365.0,218.0
200kV_500kx_p2nm_8cmCL_grain1_0090-Copy.jpg,1,425.0,256.0,463.0,297.0
200kV_500kx_p2nm_8cmCL_grain1_0090-Copy.jpg,1,860.0,192.0,889.0,227.0
200kV_500kx_p2nm_8cmCL_grain1_0090-Copy.jpg,1,378.0,54.0,430.0,87.0
200kV_500kx_p2nm_8cmCL_grain1_0090-Copy.jpg,1,838.0,404.0,870.0,437.0
200kV_500kx_p2nm_8cmCL_grain1_0090-Copy.jpg,1,153.0,543.0,192.0,593.0
200kV_500kx_p2nm_8cmCL_grain1_0090-Copy.jpg,1,9.0,391.0,40.0,419.0
200kV_500kx_p2nm_8cmCL_grain1_0090-Copy.jpg,1,486.0,240.0,511.0,268.0
200kV_500kx_p2nm_8cmCL_grain1_0090-Copy.jpg,1,462.0,59.0,502.0,88.0
200kV_500kx_p2nm_8cmCL_grain1_0090-Copy.jpg,1,287.0,283.0,322.0,311.0
grid1_roi2_500kx_0p5nm_haadf1_0035.jpg,1,630.0,735.0,682.0,819.0
grid1_roi2_500kx_0p5nm_haadf1_0035.jpg,1,85.0,237.0,198.0,311.0
grid1_roi2_500kx_0p5nm_haadf1_0035.jpg,1,277.0,60.0,342.0,124.0
grid1_roi2_500kx_0p5nm_haadf1_0035.jpg,1,27.0,671.0,68.0,746.0
grid1_roi2_500kx_0p5nm_haadf1_0035.jpg,1,455.0,802.0,511.0,835.0
grid1_roi2_500kx_0p5nm_haadf1_0035.jpg,1,785.0,111.0,853.0,157.0
grid1_roi2_500kx_0p5nm_haadf1_0035.jpg,1,495.0,212.0,542.0,251.0
grid1_roi2_500kx_0p5nm_haadf1_0035.jpg,1,361.0,65.0,398.0,97.0
grid1_roi2_500kx_0p5nm_haadf1_0035.jpg,1,179.0,99.0,220.0,202.0
grid1_roi2_500kx_0p5nm_haadf1_0035.jpg,1,355.0,15.0,430.0,56.0
200kV_500kx_p2nm_8cmCL_grain1_0135-Copy.jpg,1,553.0,741.0,622.0,813.0
200kV_500kx_p2nm_8cmCL_grain1_0135-Copy.jpg,1,872.0,663.0,946.0,725.0
200kV_500kx_p2nm_8cmCL_grain1_0135-Copy.jpg,1,153.0,689.0,204.0,739.0
200kV_500kx_p2nm_8cmCL_grain1_0135-Copy.jpg,1,614.0,764.0,671.0,831.0
200kV_500kx_p2nm_8cmCL_grain1_0135-Copy.jpg,1,52.0,753.0,121.0,801.0
200kV_500kx_p2nm_8cmCL_grain1_0135-Copy.jpg,1,9.0,723.0,59.0,772.0
200kV_500kx_p2nm_8cmCL_grain1_0135-Copy.jpg,1,596.0,675.0,689.0,721.0
200kV_500kx_p2nm_8cmCL_grain1_0135-Copy.jpg,1,721.0,740.0,766.0,779.0
200kV_500kx_p2nm_8cmCL_grain1_0135-Copy.jpg,1,895.0,547.0,934.0,598.0
200kV_500kx_p2nm_8cmCL_grain1_0135-Copy.jpg,1,73.0,600.0,120.0,635.0
200kV_500kx_p2nm_8cmCL_grain1_0135-Copy.jpg,1,249.0,703.0,283.0,759.0
200kV_500kx_p2nm_8cmCL_grain1_0135-Copy.jpg,1,532.0,837.0,579.0,876.0
200kV_500kx_p2nm_8cmCL_grain1_0135-Copy.jpg,1,670.0,484.0,702.0,522.0
200kV_500kx_p2nm_8cmCL_grain1_0135-Copy.jpg,1,15.0,593.0,65.0,632.0
200kV_500kx_p2nm_8cmCL_grain1_0135-Copy.jpg,1,108.0,800.0,156.0,839.0
200kV_500kx_p2nm_8cmCL_grain1_0135-Copy.jpg,1,290.0,814.0,345.0,874.0
200kV_500kx_p2nm_8cmCL_grain1_0135-Copy.jpg,1,414.0,894.0,456.0,932.0
200kV_500kx_p2nm_8cmCL_grain1_0135-Copy.jpg,1,265.0,337.0,292.0,377.0
200kV_500kx_p2nm_8cmCL_grain1_0135-Copy.jpg,1,734.0,352.0,770.0,384.0
200kV_500kx_p2nm_8cmCL_grain1_0135-Copy.jpg,1,238.0,653.0,270.0,690.0
200kV_500kx_p2nm_8cmCL_grain1_0135-Copy.jpg,1,618.0,592.0,659.0,621.0
200kV_500kx_p2nm_8cmCL_grain1_0135-Copy.jpg,1,410.0,798.0,452.0,857.0
200kV_500kx_p2nm_8cmCL_grain1_0135-Copy.jpg,1,366.0,435.0,388.0,463.0
200kV_500kx_p2nm_8cmCL_grain1_0135-Copy.jpg,1,915.0,798.0,986.0,840.0
200kV_500kx_p2nm_8cmCL_grain1_0135-Copy.jpg,1,471.0,468.0,499.0,502.0
200kV_500kx_p2nm_8cmCL_grain1_0135-Copy.jpg,1,943.0,463.0,967.0,492.0
200kV_500kx_p2nm_8cmCL_grain1_0135-Copy.jpg,1,443.0,78.0,466.0,113.0
200kV_500kx_p2nm_8cmCL_grain1_0135-Copy.jpg,1,661.0,411.0,698.0,444.0
200kV_500kx_p2nm_8cmCL_grain1_0135-Copy.jpg,1,184.0,811.0,206.0,841.0
200kV_500kx_p2nm_8cmCL_grain1_0135-Copy.jpg,1,387.0,287.0,414.0,311.0
200kV_500kx_p2nm_8cmCL_grain1_0135-Copy.jpg,1,501.0,633.0,534.0,685.0
200kV_500kx_p2nm_8cmCL_grain1_0135-Copy.jpg,1,435.0,747.0,462.0,785.0
200kV_500kx_p2nm_8cmCL_grain1_0135-Copy.jpg,1,597.0,495.0,625.0,518.0
200kV_500kx_p2nm_8cmCL_grain1_0135-Copy.jpg,1,838.0,798.0,916.0,832.0
200kV_500kx_p2nm_8cmCL_grain1_0135-Copy.jpg,1,276.0,842.0,332.0,901.0
200kV_500kx_p2nm_8cmCL_grain1_0135-Copy.jpg,1,460.0,786.0,496.0,818.0
200kV_500kx_p2nm_8cmCL_grain1_0135-Copy.jpg,1,557.0,581.0,589.0,618.0
200kV_500kx_p2nm_8cmCL_grain1_0135-Copy.jpg,1,60.0,144.0,82.0,169.0
200kV_500kx_p2nm_8cmCL_grain1_0135-Copy.jpg,1,903.0,409.0,935.0,441.0
200kV_500kx_p2nm_8cmCL_grain1_0135-Copy.jpg,1,324.0,789.0,378.0,828.0
200kV_500kx_p2nm_8cmCL_grain1_0135-Copy.jpg,1,538.0,365.0,568.0,393.0
200kV_500kx_p2nm_8cmCL_grain1_0135-Copy.jpg,1,864.0,82.0,897.0,107.0
200kV_500kx_p2nm_8cmCL_grain1_0135-Copy.jpg,1,462.0,371.0,489.0,396.0
200kV_500kx_p2nm_8cmCL_grain1_0135-Copy.jpg,1,391.0,508.0,413.0,534.0
200kV_500kx_p2nm_8cmCL_grain1_0135-Copy.jpg,1,350.0,212.0,380.0,248.0
200kV_500kx_p2nm_8cmCL_grain1_0135-Copy.jpg,1,336.0,663.0,367.0,694.0
200kV_500kx_p2nm_8cmCL_grain1_0135-Copy.jpg,1,675.0,723.0,720.0,755.0
200kV_500kx_p2nm_8cmCL_grain1_0135-Copy.jpg,1,342.0,312.0,373.0,346.0
200kV_500kx_p2nm_8cmCL_grain1_0135-Copy.jpg,1,269.0,679.0,298.0,709.0
200kV_500kx_p2nm_8cmCL_grain1_0135-Copy.jpg,1,986.0,332.0,1004.0,355.0
200kV_500kx_p2nm_8cmCL_grain1_0135-Copy.jpg,1,356.0,35.0,381.0,63.0
200kV_500kx_p2nm_8cmCL_grain1_0135-Copy.jpg,1,986.0,272.0,1003.0,297.0
200kV_500kx_p2nm_8cmCL_grain1_0135-Copy.jpg,1,264.0,504.0,295.0,529.0
200kV_500kx_p2nm_8cmCL_grain1_0135-Copy.jpg,1,163.0,629.0,198.0,672.0
200kV_500kx_p2nm_8cmCL_grain1_0135-Copy.jpg,1,190.0,420.0,213.0,450.0
200kV_500kx_p2nm_8cmCL_grain1_0135-Copy.jpg,1,2.0,3.0,30.0,32.0
200kV_500kx_p2nm_8cmCL_grain1_0135-Copy.jpg,1,338.0,726.0,369.0,754.0
200kV_500kx_p2nm_8cmCL_grain1_0135-Copy.jpg,1,772.0,44.0,809.0,78.0
200kV_500kx_p2nm_8cmCL_grain1_0135-Copy.jpg,1,724.0,614.0,769.0,644.0
200kV_500kx_p2nm_8cmCL_grain1_0135-Copy.jpg,1,350.0,392.0,373.0,418.0
200kV_500kx_p2nm_8cmCL_grain1_0135-Copy.jpg,1,725.0,523.0,752.0,549.0
200kV_500kx_p2nm_8cmCL_grain1_0135-Copy.jpg,1,458.0,624.0,481.0,646.0
200kV_500kx_p2nm_8cmCL_grain1_0135-Copy.jpg,1,940.0,630.0,1004.0,667.0
200kV_500kx_p2nm_8cmCL_grain1_0135-Copy.jpg,1,43.0,4.0,92.0,40.0
200kV_500kx_p2nm_8cmCL_grain1_0135-Copy.jpg,1,197.0,501.0,216.0,534.0
200kV_500kx_p2nm_8cmCL_grain1_0135-Copy.jpg,1,72.0,122.0,99.0,148.0
200kV_500kx_p2nm_8cmCL_grain1_0135-Copy.jpg,1,362.0,407.0,383.0,431.0
200kV_500kx_p2nm_8cmCL_grain1_0135-Copy.jpg,1,490.0,373.0,511.0,393.0
200kV_500kx_p2nm_8cmCL_grain1_0135-Copy.jpg,1,845.0,384.0,868.0,410.0
200kV_500kx_p2nm_8cmCL_grain1_0135-Copy.jpg,1,101.0,832.0,148.0,861.0
200kV_500kx_p2nm_8cmCL_grain1_0135-Copy.jpg,1,213.0,606.0,244.0,633.0
200kV_500kx_p2nm_8cmCL_grain1_0135-Copy.jpg,1,225.0,814.0,259.0,852.0
200kV_500kx_p2nm_8cmCL_grain1_0135-Copy.jpg,1,81.0,139.0,103.0,162.0
200kV_500kx_p2nm_8cmCL_grain1_0135-Copy.jpg,1,382.0,409.0,401.0,431.0
200kV_500kx_p2nm_8cmCL_grain1_0135-Copy.jpg,1,456.0,610.0,480.0,631.0
200kV_500kx_p2nm_8cmCL_grain1_0135-Copy.jpg,1,155.0,151.0,174.0,172.0
200kV_500kx_p2nm_8cmCL_grain1_0135-Copy.jpg,1,676.0,179.0,705.0,199.0
200kV_500kx_p2nm_8cmCL_grain1_0135-Copy.jpg,1,454.0,752.0,486.0,789.0
200kV_500kx_p2nm_8cmCL_grain1_0135-Copy.jpg,1,151.0,594.0,181.0,627.0
200kV_500kx_p2nm_8cmCL_grain1_0135-Copy.jpg,1,970.0,109.0,987.0,130.0
200kV_500kx_p2nm_8cmCL_grain1_0135-Copy.jpg,1,997.0,271.0,1013.0,292.0
200kV_500kx_p2nm_8cmCL_grain1_0135-Copy.jpg,1,-1.0,814.0,30.0,879.0
200kV_500kx_p2nm_8cmCL_grain1_0135-Copy.jpg,1,5.0,124.0,22.0,143.0
200kV_500kx_p2nm_8cmCL_grain1_0135-Copy.jpg,1,223.0,416.0,246.0,438.0
200kV_500kx_p2nm_8cmCL_grain1_0135-Copy.jpg,1,465.0,718.0,493.0,746.0
200kV_500kx_p2nm_8cmCL_grain1_0135-Copy.jpg,1,246.0,664.0,276.0,696.0
200kV_500kx_p2nm_8cmCL_grain1_0135-Copy.jpg,1,572.0,308.0,605.0,331.0
200kV_500kx_p2nm_8cmCL_grain1_0135-Copy.jpg,1,326.0,580.0,351.0,616.0
200kV_500kx_p2nm_8cmCL_grain1_0135-Copy.jpg,1,831.0,970.0,850.0,986.0
200kV_500kx_p2nm_8cmCL_grain1_0135-Copy.jpg,1,228.0,559.0,253.0,587.0
200kV_500kx_p2nm_8cmCL_grain1_0135-Copy.jpg,1,164.0,193.0,194.0,224.0
200kV_500kx_p2nm_8cmCL_grain1_0135-Copy.jpg,1,393.0,397.0,410.0,417.0
200kV_500kx_p2nm_8cmCL_grain1_0135-Copy.jpg,1,403.0,221.0,430.0,242.0
200kV_500kx_p2nm_8cmCL_grain1_0135-Copy.jpg,1,670.0,335.0,696.0,356.0
0501_300kx_1nm_clhaadf3_0028.jpg,1,383.0,101.0,476.0,210.0
0501_300kx_1nm_clhaadf3_0028.jpg,1,722.0,177.0,805.0,220.0
0501_300kx_1nm_clhaadf3_0028.jpg,1,781.0,254.0,913.0,337.0
0501_300kx_1nm_clhaadf3_0028.jpg,1,25.0,623.0,90.0,704.0
0501_300kx_1nm_clhaadf3_0028.jpg,1,572.0,298.0,736.0,383.0
0501_300kx_1nm_clhaadf3_0028.jpg,1,218.0,927.0,282.0,968.0
0501_300kx_1nm_clhaadf3_0028.jpg,1,200.0,66.0,248.0,96.0
0501_300kx_1nm_clhaadf3_0028.jpg,1,435.0,-1.0,480.0,66.0
0501_300kx_1nm_clhaadf3_0028.jpg,1,637.0,882.0,689.0,919.0
0501_300kx_1nm_clhaadf3_0028.jpg,1,370.0,972.0,415.0,1005.0
ROI4_100kx_4200CL_foil1.jpg,1,63.0,641.0,153.0,746.0
ROI4_100kx_4200CL_foil1.jpg,1,62.0,375.0,95.0,420.0
ROI4_100kx_4200CL_foil1.jpg,1,329.0,100.0,357.0,144.0
ROI4_100kx_4200CL_foil1.jpg,1,628.0,157.0,677.0,198.0
ROI4_100kx_4200CL_foil1.jpg,1,769.0,274.0,831.0,324.0
ROI4_100kx_4200CL_foil1.jpg,1,923.0,778.0,944.0,803.0
ROI4_100kx_4200CL_foil1.jpg,1,31.0,501.0,121.0,560.0
ROI4_100kx_4200CL_foil1.jpg,1,493.0,911.0,522.0,950.0
ROI4_100kx_4200CL_foil1.jpg,1,828.0,61.0,862.0,92.0
ROI4_100kx_4200CL_foil1.jpg,1,250.0,334.0,281.0,375.0
ROI4_100kx_4200CL_foil1.jpg,1,473.0,225.0,499.0,244.0
ROI4_100kx_4200CL_foil1.jpg,1,545.0,923.0,578.0,954.0
ROI4_100kx_4200CL_foil1.jpg,1,827.0,437.0,862.0,465.0
ROI4_100kx_4200CL_foil1.jpg,1,192.0,272.0,211.0,296.0
ROI4_100kx_4200CL_foil1.jpg,1,229.0,317.0,247.0,338.0
ROI4_100kx_4200CL_foil1.jpg,1,125.0,297.0,181.0,349.0
ROI4_100kx_4200CL_foil1.jpg,1,301.0,820.0,321.0,838.0
ROI4_100kx_4200CL_foil1.jpg,1,780.0,408.0,800.0,428.0
ROI4_100kx_4200CL_foil1.jpg,1,507.0,985.0,525.0,1006.0
ROI4_100kx_4200CL_foil1.jpg,1,691.0,977.0,734.0,996.0
ROI4_100kx_4200CL_foil1.jpg,1,715.0,777.0,740.0,797.0
ROI4_100kx_4200CL_foil1.jpg,1,33.0,714.0,55.0,752.0
ROI4_100kx_4200CL_foil1.jpg,1,588.0,87.0,607.0,106.0
ROI4_100kx_4200CL_foil1.jpg,1,182.0,535.0,203.0,553.0
ROI4_100kx_4200CL_foil1.jpg,1,101.0,248.0,121.0,269.0
ROI4_100kx_4200CL_foil1.jpg,1,430.0,936.0,444.0,954.0
K713_300kx_store4_grid1_0031.jpg,1,800.0,388.0,872.0,455.0
K713_300kx_store4_grid1_0031.jpg,1,109.0,651.0,170.0,711.0
K713_300kx_store4_grid1_0031.jpg,1,476.0,283.0,528.0,348.0
K713_300kx_store4_grid1_0031.jpg,1,498.0,899.0,567.0,955.0
K713_300kx_store4_grid1_0031.jpg,1,659.0,501.0,727.0,549.0
K713_300kx_store4_grid1_0031.jpg,1,118.0,70.0,171.0,120.0
K713_300kx_store4_grid1_0031.jpg,1,783.0,124.0,842.0,183.0
K713_300kx_store4_grid1_0031.jpg,1,7.0,134.0,72.0,188.0
K713_300kx_store4_grid1_0031.jpg,1,907.0,365.0,985.0,416.0
K713_300kx_store4_grid1_0031.jpg,1,754.0,-2.0,819.0,52.0
K713_300kx_store4_grid1_0031.jpg,1,649.0,125.0,709.0,182.0
K713_300kx_store4_grid1_0031.jpg,1,437.0,138.0,513.0,174.0
K713_300kx_store4_grid1_0031.jpg,1,106.0,536.0,150.0,572.0
K713_300kx_store4_grid1_0031.jpg,1,277.0,850.0,329.0,896.0
K713_300kx_store4_grid1_0031.jpg,1,742.0,527.0,790.0,574.0
K713_300kx_store4_grid1_0031.jpg,1,327.0,310.0,360.0,358.0
K713_300kx_store4_grid1_0031.jpg,1,672.0,-2.0,739.0,49.0
K713_300kx_store4_grid1_0031.jpg,1,969.0,623.0,1007.0,684.0
K713_300kx_store4_grid1_0031.jpg,1,90.0,454.0,138.0,507.0
K713_300kx_store4_grid1_0031.jpg,1,134.0,155.0,172.0,202.0
K713_300kx_store4_grid1_0031.jpg,1,848.0,602.0,895.0,636.0
K713_300kx_store4_grid1_0031.jpg,1,495.0,671.0,547.0,724.0
K713_300kx_store4_grid1_0031.jpg,1,616.0,106.0,668.0,154.0
K713_300kx_store4_grid1_0031.jpg,1,81.0,201.0,130.0,246.0
K713_300kx_store4_grid1_0031.jpg,1,516.0,79.0,583.0,145.0
K713_300kx_store4_grid1_0031.jpg,1,861.0,653.0,908.0,691.0
K713_300kx_store4_grid1_0031.jpg,1,685.0,903.0,715.0,943.0
K713_300kx_store4_grid1_0031.jpg,1,390.0,624.0,433.0,665.0
K713_300kx_store4_grid1_0031.jpg,1,457.0,747.0,517.0,789.0
K713_300kx_store4_grid1_0031.jpg,1,467.0,223.0,520.0,260.0
K713_300kx_store4_grid1_0031.jpg,1,456.0,522.0,509.0,557.0
K713_300kx_store4_grid1_0031.jpg,1,659.0,837.0,685.0,880.0
K713_300kx_store4_grid1_0031.jpg,1,17.0,350.0,49.0,395.0
K713_300kx_store4_grid1_0031.jpg,1,577.0,526.0,634.0,556.0
K713_300kx_store4_grid1_0031.jpg,1,780.0,981.0,828.0,1010.0
K713_300kx_store4_grid1_0031.jpg,1,243.0,725.0,268.0,752.0
K713_300kx_store4_grid1_0031.jpg,1,17.0,494.0,46.0,525.0
K713_300kx_store4_grid1_0031.jpg,1,544.0,331.0,582.0,357.0
K713_300kx_store4_grid1_0031.jpg,1,6.0,94.0,42.0,123.0
K713_300kx_store4_grid1_0031.jpg,1,670.0,216.0,738.0,280.0
K713_300kx_store4_grid1_0031.jpg,1,933.0,775.0,979.0,813.0
K713_300kx_store4_grid1_0031.jpg,1,575.0,921.0,613.0,965.0
K713_300kx_store4_grid1_0031.jpg,1,934.0,710.0,975.0,745.0
K713_300kx_store4_grid1_0031.jpg,1,705.0,266.0,828.0,346.0
K713_300kx_store4_grid1_0031.jpg,1,308.0,620.0,356.0,658.0
K713_300kx_store4_grid1_0031.jpg,1,832.0,485.0,917.0,528.0
K713_300kx_store4_grid1_0031.jpg,1,876.0,775.0,907.0,807.0
K713_300kx_store4_grid1_0031.jpg,1,994.0,31.0,1014.0,59.0
K713_300kx_store4_grid1_0031.jpg,1,772.0,712.0,807.0,732.0
K713_300kx_store4_grid1_0031.jpg,1,3.0,967.0,44.0,1009.0
K713_300kx_store4_grid1_0031.jpg,1,794.0,32.0,845.0,68.0
K713_300kx_store4_grid1_0031.jpg,1,929.0,907.0,956.0,943.0
K713_300kx_store4_grid1_0031.jpg,1,218.0,409.0,268.0,438.0
K713_300kx_store4_grid1_0031.jpg,1,466.0,59.0,513.0,82.0
g2_midonzone_GBtowardsfront_0010.jpg,1,345.0,523.0,401.0,582.0
g2_midonzone_GBtowardsfront_0010.jpg,1,283.0,685.0,404.0,767.0
g2_midonzone_GBtowardsfront_0010.jpg,1,469.0,745.0,533.0,836.0
g2_midonzone_GBtowardsfront_0010.jpg,1,416.0,549.0,460.0,612.0
g2_midonzone_GBtowardsfront_0010.jpg,1,290.0,639.0,344.0,684.0
g2_midonzone_GBtowardsfront_0010.jpg,1,19.0,500.0,67.0,543.0
g2_midonzone_GBtowardsfront_0010.jpg,1,561.0,601.0,632.0,659.0
g2_midonzone_GBtowardsfront_0010.jpg,1,422.0,646.0,486.0,706.0
g2_midonzone_GBtowardsfront_0010.jpg,1,129.0,396.0,180.0,431.0
g2_midonzone_GBtowardsfront_0010.jpg,1,506.0,347.0,550.0,373.0
g2_midonzone_GBtowardsfront_0010.jpg,1,887.0,202.0,932.0,233.0
g2_midonzone_GBtowardsfront_0010.jpg,1,610.0,740.0,651.0,798.0
g2_midonzone_GBtowardsfront_0010.jpg,1,831.0,229.0,870.0,254.0
g2_midonzone_GBtowardsfront_0010.jpg,1,778.0,730.0,848.0,782.0
g2_midonzone_GBtowardsfront_0010.jpg,1,1.0,762.0,61.0,823.0
g2_midonzone_GBtowardsfront_0010.jpg,1,130.0,690.0,233.0,767.0
g2_midonzone_GBtowardsfront_0010.jpg,1,75.0,232.0,109.0,260.0
g2_midonzone_GBtowardsfront_0010.jpg,1,975.0,174.0,1011.0,211.0
g2_midonzone_GBtowardsfront_0010.jpg,1,239.0,584.0,281.0,615.0
g2_midonzone_GBtowardsfront_0010.jpg,1,624.0,620.0,707.0,683.0
g2_midonzone_GBtowardsfront_0010.jpg,1,469.0,548.0,518.0,585.0
g2_midonzone_GBtowardsfront_0010.jpg,1,680.0,423.0,708.0,446.0
g2_midonzone_GBtowardsfront_0010.jpg,1,203.0,166.0,242.0,200.0
g2_midonzone_GBtowardsfront_0010.jpg,1,466.0,122.0,504.0,156.0
g2_midonzone_GBtowardsfront_0010.jpg,1,889.0,649.0,935.0,691.0
g2_midonzone_GBtowardsfront_0010.jpg,1,752.0,651.0,843.0,727.0
g2_midonzone_GBtowardsfront_0010.jpg,1,512.0,670.0,548.0,710.0
K713_300kx_store4_grid1_0011.jpg,1,586.0,384.0,640.0,448.0
K713_300kx_store4_grid1_0011.jpg,1,673.0,328.0,737.0,391.0
K713_300kx_store4_grid1_0011.jpg,1,754.0,122.0,823.0,184.0
K713_300kx_store4_grid1_0011.jpg,1,427.0,721.0,500.0,783.0
K713_300kx_store4_grid1_0011.jpg,1,597.0,206.0,662.0,277.0
K713_300kx_store4_grid1_0011.jpg,1,288.0,954.0,341.0,995.0
K713_300kx_store4_grid1_0011.jpg,1,663.0,180.0,707.0,231.0
K713_300kx_store4_grid1_0011.jpg,1,7.0,128.0,64.0,173.0
K713_300kx_store4_grid1_0011.jpg,1,796.0,464.0,843.0,522.0
K713_300kx_store4_grid1_0011.jpg,1,776.0,800.0,837.0,846.0
K713_300kx_store4_grid1_0011.jpg,1,137.0,829.0,184.0,888.0
K713_300kx_store4_grid1_0011.jpg,1,96.0,755.0,140.0,796.0
K713_300kx_store4_grid1_0011.jpg,1,931.0,660.0,1010.0,706.0
K713_300kx_store4_grid1_0011.jpg,1,58.0,529.0,108.0,572.0
K713_300kx_store4_grid1_0011.jpg,1,858.0,644.0,900.0,712.0
K713_300kx_store4_grid1_0011.jpg,1,891.0,766.0,926.0,813.0
K713_300kx_store4_grid1_0011.jpg,1,24.0,817.0,59.0,849.0
K713_300kx_store4_grid1_0011.jpg,1,902.0,182.0,974.0,246.0
K713_300kx_store4_grid1_0011.jpg,1,972.0,444.0,1009.0,491.0
K713_300kx_store4_grid1_0011.jpg,1,892.0,482.0,948.0,538.0
K713_300kx_store4_grid1_0011.jpg,1,658.0,33.0,711.0,80.0
K713_300kx_store4_grid1_0011.jpg,1,408.0,240.0,454.0,270.0
K713_300kx_store4_grid1_0011.jpg,1,82.0,847.0,118.0,880.0
K713_300kx_store4_grid1_0011.jpg,1,395.0,441.0,448.0,480.0
K713_300kx_store4_grid1_0011.jpg,1,101.0,605.0,137.0,633.0
K713_300kx_store4_grid1_0011.jpg,1,929.0,67.0,1000.0,129.0
K713_300kx_store4_grid1_0011.jpg,1,517.0,376.0,559.0,429.0
K713_300kx_store4_grid1_0011.jpg,1,834.0,934.0,868.0,965.0
K713_300kx_store4_grid1_0011.jpg,1,740.0,675.0,806.0,734.0
K713_300kx_store4_grid1_0011.jpg,1,172.0,679.0,204.0,716.0
K713_300kx_store4_grid1_0011.jpg,1,53.0,483.0,99.0,529.0
K713_300kx_store4_grid1_0011.jpg,1,171.0,179.0,225.0,244.0
K713_300kx_store4_grid1_0011.jpg,1,596.0,792.0,650.0,827.0
K713_300kx_store4_grid1_0011.jpg,1,676.0,792.0,711.0,831.0
K713_300kx_store4_grid1_0011.jpg,1,434.0,927.0,471.0,970.0
K713_300kx_store4_grid1_0011.jpg,1,841.0,305.0,888.0,336.0
K713_300kx_store4_grid1_0011.jpg,1,602.0,713.0,623.0,743.0
K713_300kx_store4_grid1_0011.jpg,1,798.0,528.0,877.0,587.0
K713_300kx_store4_grid1_0011.jpg,1,152.0,765.0,207.0,802.0
K713_300kx_store4_grid1_0011.jpg,1,453.0,894.0,487.0,923.0
K713_300kx_store4_grid1_0011.jpg,1,684.0,864.0,716.0,891.0
K713_300kx_store4_grid1_0011.jpg,1,963.0,646.0,1010.0,683.0
K713_300kx_store4_grid1_0011.jpg,1,251.0,544.0,292.0,596.0
K713_300kx_store4_grid1_0011.jpg,1,-4.0,192.0,54.0,262.0
K713_300kx_store4_grid1_0011.jpg,1,841.0,395.0,868.0,418.0
K713_300kx_store4_grid1_0011.jpg,1,190.0,234.0,217.0,277.0
K713_300kx_store4_grid1_0011.jpg,1,558.0,571.0,581.0,598.0
K713_300kx_store4_grid1_0011.jpg,1,445.0,924.0,482.0,956.0
K713_300kx_store4_grid1_0011.jpg,1,735.0,418.0,771.0,449.0
K713_300kx_store4_grid1_0011.jpg,1,549.0,741.0,581.0,783.0
leftgrain111neargb_bf.jpg,1,898.0,71.0,962.0,159.0
leftgrain111neargb_bf.jpg,1,633.0,375.0,704.0,449.0
leftgrain111neargb_bf.jpg,1,792.0,60.0,866.0,139.0
leftgrain111neargb_bf.jpg,1,945.0,334.0,1012.0,414.0
leftgrain111neargb_bf.jpg,1,16.0,506.0,63.0,551.0
leftgrain111neargb_bf.jpg,1,538.0,521.0,605.0,569.0
leftgrain111neargb_bf.jpg,1,233.0,902.0,292.0,954.0
leftgrain111neargb_bf.jpg,1,750.0,2.0,805.0,63.0
leftgrain111neargb_bf.jpg,1,672.0,898.0,708.0,948.0
leftgrain111neargb_bf.jpg,1,828.0,237.0,914.0,310.0
leftgrain111neargb_bf.jpg,1,645.0,130.0,695.0,201.0
leftgrain111neargb_bf.jpg,1,820.0,967.0,876.0,1009.0
leftgrain111neargb_bf.jpg,1,337.0,133.0,376.0,179.0
leftgrain111neargb_bf.jpg,1,374.0,322.0,423.0,358.0
leftgrain111neargb_bf.jpg,1,855.0,760.0,903.0,797.0
leftgrain111neargb_bf.jpg,1,135.0,205.0,172.0,259.0
leftgrain111neargb_bf.jpg,1,183.0,390.0,219.0,458.0
leftgrain111neargb_bf.jpg,1,114.0,879.0,139.0,907.0
leftgrain111neargb_bf.jpg,1,399.0,72.0,432.0,110.0
leftgrain111neargb_bf.jpg,1,840.0,206.0,903.0,263.0
leftgrain111neargb_bf.jpg,1,56.0,453.0,87.0,507.0
leftgrain111neargb_bf.jpg,1,763.0,192.0,801.0,248.0
leftgrain111neargb_bf.jpg,1,737.0,676.0,761.0,720.0
leftgrain111neargb_bf.jpg,1,182.0,136.0,235.0,185.0
leftgrain111neargb_bf.jpg,1,685.0,554.0,708.0,603.0
leftgrain111neargb_bf.jpg,1,295.0,173.0,341.0,228.0
g2_midonzone_GBtowardsmmiddle_0009.jpg,1,151.0,848.0,212.0,906.0
g2_midonzone_GBtowardsmmiddle_0009.jpg,1,253.0,415.0,298.0,495.0
g2_midonzone_GBtowardsmmiddle_0009.jpg,1,227.0,931.0,276.0,1013.0
g2_midonzone_GBtowardsmmiddle_0009.jpg,1,244.0,885.0,317.0,951.0
g2_midonzone_GBtowardsmmiddle_0009.jpg,1,92.0,227.0,138.0,283.0
g2_midonzone_GBtowardsmmiddle_0009.jpg,1,310.0,195.0,368.0,243.0
g2_midonzone_GBtowardsmmiddle_0009.jpg,1,195.0,735.0,242.0,819.0
g2_midonzone_GBtowardsmmiddle_0009.jpg,1,440.0,413.0,491.0,462.0
g2_midonzone_GBtowardsmmiddle_0009.jpg,1,309.0,506.0,365.0,602.0
g2_midonzone_GBtowardsmmiddle_0009.jpg,1,282.0,623.0,318.0,691.0
g2_midonzone_GBtowardsmmiddle_0009.jpg,1,320.0,373.0,364.0,420.0
g2_midonzone_GBtowardsmmiddle_0009.jpg,1,381.0,96.0,403.0,138.0
g2_midonzone_GBtowardsmmiddle_0009.jpg,1,164.0,126.0,209.0,213.0
g2_midonzone_GBtowardsmmiddle_0009.jpg,1,808.0,53.0,832.0,93.0
g2_midonzone_GBtowardsmmiddle_0009.jpg,1,139.0,306.0,164.0,370.0
g2_midonzone_GBtowardsmmiddle_0009.jpg,1,510.0,407.0,538.0,434.0
g2_midonzone_GBtowardsmmiddle_0009.jpg,1,609.0,55.0,643.0,85.0
g2_midonzone_GBtowardsfront_0034.jpg,1,851.0,-4.0,898.0,68.0
g2_midonzone_GBtowardsfront_0034.jpg,1,637.0,850.0,694.0,891.0
g2_midonzone_GBtowardsfront_0034.jpg,1,931.0,153.0,1009.0,204.0
g2_midonzone_GBtowardsfront_0034.jpg,1,920.0,48.0,979.0,99.0
g2_midonzone_GBtowardsfront_0034.jpg,1,733.0,927.0,789.0,973.0
g2_midonzone_GBtowardsfront_0034.jpg,1,862.0,803.0,913.0,852.0
g2_midonzone_GBtowardsfront_0034.jpg,1,471.0,16.0,513.0,58.0
g2_midonzone_GBtowardsfront_0034.jpg,1,898.0,442.0,944.0,486.0
g2_midonzone_GBtowardsfront_0034.jpg,1,134.0,55.0,168.0,107.0
g2_midonzone_GBtowardsfront_0034.jpg,1,278.0,127.0,334.0,174.0
g2_midonzone_GBtowardsfront_0034.jpg,1,114.0,360.0,163.0,410.0
g2_midonzone_GBtowardsfront_0034.jpg,1,350.0,410.0,373.0,442.0
g2_midonzone_GBtowardsfront_0034.jpg,1,811.0,895.0,875.0,951.0
g2_midonzone_GBtowardsfront_0034.jpg,1,511.0,633.0,568.0,671.0
g2_midonzone_GBtowardsfront_0034.jpg,1,306.0,949.0,334.0,998.0
g2_midonzone_GBtowardsfront_0034.jpg,1,247.0,192.0,289.0,227.0
200kV_500kx_p2nm_8cmCL_grain1_0004_n.jpg,1,480.0,565.0,555.0,640.0
200kV_500kx_p2nm_8cmCL_grain1_0004_n.jpg,1,237.0,622.0,311.0,703.0
200kV_500kx_p2nm_8cmCL_grain1_0004_n.jpg,1,314.0,673.0,408.0,740.0
200kV_500kx_p2nm_8cmCL_grain1_0004_n.jpg,1,636.0,593.0,686.0,677.0
200kV_500kx_p2nm_8cmCL_grain1_0004_n.jpg,1,756.0,729.0,845.0,798.0
200kV_500kx_p2nm_8cmCL_grain1_0004_n.jpg,1,21.0,194.0,72.0,267.0
200kV_500kx_p2nm_8cmCL_grain1_0004_n.jpg,1,619.0,501.0,667.0,563.0
200kV_500kx_p2nm_8cmCL_grain1_0004_n.jpg,1,401.0,740.0,482.0,809.0
200kV_500kx_p2nm_8cmCL_grain1_0004_n.jpg,1,906.0,898.0,979.0,967.0
200kV_500kx_p2nm_8cmCL_grain1_0004_n.jpg,1,101.0,92.0,158.0,172.0
200kV_500kx_p2nm_8cmCL_grain1_0004_n.jpg,1,244.0,405.0,329.0,475.0
200kV_500kx_p2nm_8cmCL_grain1_0004_n.jpg,1,342.0,410.0,417.0,469.0
200kV_500kx_p2nm_8cmCL_grain1_0004_n.jpg,1,27.0,809.0,146.0,892.0
200kV_500kx_p2nm_8cmCL_grain1_0004_n.jpg,1,-5.0,51.0,78.0,138.0
200kV_500kx_p2nm_8cmCL_grain1_0004_n.jpg,1,487.0,452.0,546.0,527.0
200kV_500kx_p2nm_8cmCL_grain1_0004_n.jpg,1,183.0,605.0,229.0,665.0
200kV_500kx_p2nm_8cmCL_grain1_0004_n.jpg,1,394.0,803.0,466.0,843.0
200kV_500kx_p2nm_8cmCL_grain1_0004_n.jpg,1,100.0,179.0,174.0,234.0
200kV_500kx_p2nm_8cmCL_grain1_0004_n.jpg,1,863.0,258.0,905.0,304.0
200kV_500kx_p2nm_8cmCL_grain1_0004_n.jpg,1,773.0,524.0,822.0,568.0
200kV_500kx_p2nm_8cmCL_grain1_0004_n.jpg,1,179.0,792.0,273.0,895.0
200kV_500kx_p2nm_8cmCL_grain1_0004_n.jpg,1,520.0,762.0,555.0,816.0
200kV_500kx_p2nm_8cmCL_grain1_0004_n.jpg,1,710.0,768.0,784.0,848.0
200kV_500kx_p2nm_8cmCL_grain1_0004_n.jpg,1,477.0,404.0,532.0,467.0
200kV_500kx_p2nm_8cmCL_grain1_0004_n.jpg,1,115.0,734.0,218.0,812.0
200kV_500kx_p2nm_8cmCL_grain1_0004_n.jpg,1,947.0,659.0,985.0,716.0
200kV_500kx_p2nm_8cmCL_grain1_0004_n.jpg,1,659.0,256.0,709.0,294.0
200kV_500kx_p2nm_8cmCL_grain1_0004_n.jpg,1,978.0,428.0,1007.0,465.0
200kV_500kx_p2nm_8cmCL_grain1_0004_n.jpg,1,237.0,216.0,344.0,298.0
200kV_500kx_p2nm_8cmCL_grain1_0004_n.jpg,1,685.0,838.0,776.0,907.0
200kV_500kx_p2nm_8cmCL_grain1_0004_n.jpg,1,527.0,97.0,567.0,156.0
200kV_500kx_p2nm_8cmCL_grain1_0004_n.jpg,1,113.0,246.0,174.0,307.0
200kV_500kx_p2nm_8cmCL_grain1_0004_n.jpg,1,878.0,383.0,922.0,417.0
200kV_500kx_p2nm_8cmCL_grain1_0004_n.jpg,1,106.0,521.0,154.0,583.0
200kV_500kx_p2nm_8cmCL_grain1_0004_n.jpg,1,886.0,840.0,937.0,898.0
200kV_500kx_p2nm_8cmCL_grain1_0004_n.jpg,1,591.0,766.0,654.0,834.0
200kV_500kx_p2nm_8cmCL_grain1_0004_n.jpg,1,974.0,839.0,1006.0,873.0
200kV_500kx_p2nm_8cmCL_grain1_0004_n.jpg,1,110.0,510.0,214.0,598.0
200kV_500kx_p2nm_8cmCL_grain1_0004_n.jpg,1,542.0,250.0,577.0,300.0
200kV_500kx_p2nm_8cmCL_grain1_0004_n.jpg,1,910.0,735.0,966.0,821.0
200kV_500kx_p2nm_8cmCL_grain1_0004_n.jpg,1,43.0,673.0,102.0,722.0
200kV_500kx_p2nm_8cmCL_grain1_0004_n.jpg,1,595.0,431.0,659.0,477.0
200kV_500kx_p2nm_8cmCL_grain1_0004_n.jpg,1,608.0,335.0,648.0,385.0
200kV_500kx_p2nm_8cmCL_grain1_0004_n.jpg,1,758.0,375.0,809.0,429.0
200kV_500kx_p2nm_8cmCL_grain1_0004_n.jpg,1,864.0,589.0,906.0,637.0
200kV_500kx_p2nm_8cmCL_grain1_0004_n.jpg,1,119.0,874.0,186.0,968.0
200kV_500kx_p2nm_8cmCL_grain1_0004_n.jpg,1,659.0,547.0,710.0,589.0
200kV_500kx_p2nm_8cmCL_grain1_0004_n.jpg,1,611.0,62.0,654.0,97.0
200kV_500kx_p2nm_8cmCL_grain1_0004_n.jpg,1,103.0,284.0,185.0,342.0
200kV_500kx_p2nm_8cmCL_grain1_0004_n.jpg,1,886.0,68.0,909.0,111.0
200kV_500kx_p2nm_8cmCL_grain1_0004_n.jpg,1,819.0,141.0,853.0,180.0
200kV_500kx_p2nm_8cmCL_grain1_0004_n.jpg,1,804.0,67.0,838.0,102.0
200kV_500kx_p2nm_8cmCL_grain1_0004_n.jpg,1,578.0,127.0,622.0,158.0
200kV_500kx_p2nm_8cmCL_grain1_0004_n.jpg,1,776.0,623.0,839.0,669.0
200kV_500kx_p2nm_8cmCL_grain1_0004_n.jpg,1,847.0,101.0,873.0,133.0
200kV_500kx_p2nm_8cmCL_grain1_0004_n.jpg,1,248.0,380.0,312.0,437.0
200kV_500kx_p2nm_8cmCL_grain1_0004_n.jpg,1,908.0,464.0,945.0,491.0
200kV_500kx_p2nm_8cmCL_grain1_0004_n.jpg,1,253.0,522.0,290.0,579.0
200kV_500kx_p2nm_8cmCL_grain1_0004_n.jpg,1,665.0,645.0,745.0,701.0
200kV_500kx_p2nm_8cmCL_grain2_0036.jpg,1,548.0,104.0,597.0,187.0
200kV_500kx_p2nm_8cmCL_grain2_0036.jpg,1,195.0,259.0,251.0,318.0
200kV_500kx_p2nm_8cmCL_grain2_0036.jpg,1,445.0,173.0,537.0,231.0
200kV_500kx_p2nm_8cmCL_grain2_0036.jpg,1,331.0,218.0,386.0,283.0
200kV_500kx_p2nm_8cmCL_grain2_0036.jpg,1,51.0,352.0,119.0,409.0
200kV_500kx_p2nm_8cmCL_grain2_0036.jpg,1,822.0,43.0,883.0,97.0
200kV_500kx_p2nm_8cmCL_grain2_0036.jpg,1,657.0,134.0,707.0,180.0
200kV_500kx_p2nm_8cmCL_grain2_0036.jpg,1,162.0,320.0,228.0,371.0
200kV_500kx_p2nm_8cmCL_grain2_0036.jpg,1,160.0,486.0,205.0,519.0
200kV_500kx_p2nm_8cmCL_grain2_0036.jpg,1,44.0,448.0,106.0,519.0
200kV_500kx_p2nm_8cmCL_grain2_0036.jpg,1,688.0,110.0,739.0,149.0
200kV_500kx_p2nm_8cmCL_grain2_0036.jpg,1,877.0,-6.0,931.0,41.0
200kV_500kx_p2nm_8cmCL_grain2_0036.jpg,1,652.0,82.0,687.0,120.0
200kV_500kx_p2nm_8cmCL_grain2_0036.jpg,1,470.0,244.0,514.0,287.0
200kV_500kx_p2nm_8cmCL_grain2_0036.jpg,1,97.0,405.0,152.0,451.0
200kV_500kx_p2nm_8cmCL_grain2_0036.jpg,1,610.0,138.0,651.0,178.0
200kV_500kx_p2nm_8cmCL_grain2_0036.jpg,1,652.0,328.0,688.0,366.0
200kV_500kx_p2nm_8cmCL_grain2_0036.jpg,1,533.0,508.0,571.0,540.0
200kV_500kx_p2nm_8cmCL_grain2_0036.jpg,1,754.0,70.0,788.0,106.0
200kV_500kx_p2nm_8cmCL_grain2_0036.jpg,1,239.0,348.0,287.0,392.0
200kV_500kx_p2nm_8cmCL_grain2_0036.jpg,1,592.0,334.0,622.0,361.0
200kV_500kx_p2nm_8cmCL_grain2_0036.jpg,1,259.0,315.0,340.0,376.0
200kV_500kx_p2nm_8cmCL_grain2_0036.jpg,1,440.0,454.0,468.0,492.0
200kV_500kx_p2nm_8cmCL_grain2_0036.jpg,1,209.0,724.0,239.0,751.0
200kV_500kx_p2nm_8cmCL_grain2_0036.jpg,1,276.0,979.0,303.0,999.0
200kV_500kx_p2nm_8cmCL_grain2_0036.jpg,1,686.0,799.0,711.0,822.0
200kV_500kx_p2nm_8cmCL_grain2_0036.jpg,1,574.0,219.0,597.0,255.0
200kV_500kx_p2nm_8cmCL_grain2_0036.jpg,1,539.0,984.0,560.0,1005.0
200kV_500kx_p2nm_8cmCL_grain2_0036.jpg,1,839.0,662.0,867.0,686.0
200kV_500kx_p2nm_8cmCL_grain2_0036.jpg,1,362.0,471.0,387.0,505.0
200kV_500kx_p2nm_8cmCL_grain2_0036.jpg,1,26.0,540.0,62.0,579.0
200kV_500kx_p2nm_8cmCL_grain2_0036.jpg,1,399.0,632.0,430.0,656.0
200kV_500kx_p2nm_8cmCL_grain2_0036.jpg,1,975.0,228.0,998.0,251.0
200kV_500kx_p2nm_8cmCL_grain2_0036.jpg,1,412.0,471.0,432.0,497.0
200kV_500kx_p2nm_8cmCL_grain2_0036.jpg,1,966.0,270.0,999.0,300.0
200kV_500kx_p2nm_8cmCL_grain2_0036.jpg,1,63.0,683.0,84.0,706.0
200kV_500kx_p2nm_8cmCL_grain2_0036.jpg,1,170.0,630.0,190.0,659.0
200kV_500kx_p2nm_8cmCL_grain2_0036.jpg,1,535.0,945.0,563.0,970.0
200kV_500kx_p2nm_8cmCL_grain2_0036.jpg,1,569.0,431.0,603.0,458.0
200kV_500kx_p2nm_8cmCL_grain2_0036.jpg,1,568.0,568.0,591.0,591.0
200kV_500kx_p2nm_8cmCL_grain2_0036.jpg,1,299.0,744.0,322.0,766.0
200kV_500kx_p2nm_8cmCL_grain2_0036.jpg,1,147.0,734.0,167.0,760.0
200kV_500kx_p2nm_8cmCL_grain2_0036.jpg,1,579.0,853.0,606.0,886.0
200kV_500kx_p2nm_8cmCL_grain2_0036.jpg,1,247.0,333.0,316.0,388.0
200kV_500kx_p2nm_8cmCL_grain2_0036.jpg,1,955.0,633.0,977.0,659.0
200kV_500kx_p2nm_8cmCL_grain2_0036.jpg,1,96.0,602.0,127.0,627.0
200kV_500kx_p2nm_8cmCL_grain2_0036.jpg,1,865.0,652.0,887.0,675.0
200kV_500kx_p2nm_8cmCL_grain2_0036.jpg,1,668.0,938.0,691.0,959.0
200kV_500kx_p2nm_8cmCL_grain2_0036.jpg,1,538.0,799.0,576.0,832.0
200kV_500kx_p2nm_8cmCL_grain2_0036.jpg,1,987.0,570.0,1004.0,595.0
200kV_500kx_p2nm_8cmCL_grain2_0036.jpg,1,321.0,461.0,343.0,488.0
200kV_500kx_p2nm_8cmCL_grain2_0036.jpg,1,811.0,681.0,841.0,715.0
200kV_500kx_p2nm_8cmCL_grain2_0036.jpg,1,12.0,458.0,44.0,496.0
g1_backonzone_GBtowardmiddle_0001.jpg,1,390.0,190.0,444.0,264.0
g1_backonzone_GBtowardmiddle_0001.jpg,1,591.0,185.0,669.0,257.0
g1_backonzone_GBtowardmiddle_0001.jpg,1,433.0,482.0,512.0,554.0
g1_backonzone_GBtowardmiddle_0001.jpg,1,736.0,23.0,830.0,132.0
g1_backonzone_GBtowardmiddle_0001.jpg,1,638.0,901.0,726.0,1000.0
g1_backonzone_GBtowardmiddle_0001.jpg,1,501.0,887.0,581.0,959.0
g1_backonzone_GBtowardmiddle_0001.jpg,1,465.0,758.0,553.0,842.0
g1_backonzone_GBtowardmiddle_0001.jpg,1,659.0,142.0,736.0,223.0
g1_backonzone_GBtowardmiddle_0001.jpg,1,952.0,818.0,1009.0,879.0
g1_backonzone_GBtowardmiddle_0001.jpg,1,716.0,322.0,778.0,398.0
g1_backonzone_GBtowardmiddle_0001.jpg,1,442.0,89.0,510.0,153.0
g1_backonzone_GBtowardmiddle_0001.jpg,1,908.0,90.0,994.0,147.0
g1_backonzone_GBtowardmiddle_0001.jpg,1,849.0,82.0,914.0,158.0
g1_backonzone_GBtowardmiddle_0001.jpg,1,841.0,612.0,924.0,676.0
g1_backonzone_GBtowardmiddle_0001.jpg,1,498.0,610.0,578.0,697.0
g1_backonzone_GBtowardmiddle_0001.jpg,1,759.0,662.0,817.0,721.0
g1_backonzone_GBtowardmiddle_0001.jpg,1,680.0,761.0,752.0,839.0
g1_backonzone_GBtowardmiddle_0001.jpg,1,344.0,682.0,394.0,735.0
g1_backonzone_GBtowardmiddle_0001.jpg,1,571.0,358.0,689.0,437.0
g1_backonzone_GBtowardmiddle_0001.jpg,1,605.0,48.0,657.0,117.0
g1_backonzone_GBtowardmiddle_0001.jpg,1,867.0,741.0,941.0,812.0
g1_backonzone_GBtowardmiddle_0001.jpg,1,696.0,501.0,763.0,561.0
g1_backonzone_GBtowardmiddle_0001.jpg,1,931.0,505.0,1010.0,602.0
g1_backonzone_GBtowardmiddle_0001.jpg,1,785.0,478.0,887.0,577.0
g1_backonzone_GBtowardmiddle_0001.jpg,1,497.0,181.0,570.0,256.0
g1_backonzone_GBtowardmiddle_0001.jpg,1,810.0,765.0,869.0,821.0
g1_backonzone_GBtowardmiddle_0001.jpg,1,532.0,338.0,580.0,401.0
g1_backonzone_GBtowardmiddle_0001.jpg,1,649.0,429.0,711.0,477.0
g1_backonzone_GBtowardmiddle_0001.jpg,1,883.0,259.0,937.0,304.0
g1_backonzone_GBtowardmiddle_0001.jpg,1,880.0,840.0,936.0,897.0
g1_backonzone_GBtowardmiddle_0001.jpg,1,545.0,722.0,606.0,780.0
g1_backonzone_GBtowardmiddle_0001.jpg,1,526.0,10.0,576.0,41.0
g1_backonzone_GBtowardmiddle_0001.jpg,1,696.0,546.0,748.0,633.0
g1_backonzone_GBtowardmiddle_0001.jpg,1,874.0,175.0,942.0,243.0
g1_backonzone_GBtowardmiddle_0001.jpg,1,891.0,916.0,948.0,953.0
g1_backonzone_GBtowardmiddle_0001.jpg,1,246.0,310.0,305.0,374.0
g1_backonzone_GBtowardmiddle_0001.jpg,1,794.0,719.0,846.0,766.0
g1_backonzone_GBtowardmiddle_0001.jpg,1,877.0,302.0,944.0,352.0
g1_backonzone_GBtowardmiddle_0001.jpg,1,493.0,284.0,556.0,318.0
g1_backonzone_GBtowardmiddle_0001.jpg,1,429.0,331.0,481.0,373.0
g1_backonzone_GBtowardmiddle_0001.jpg,1,773.0,207.0,836.0,290.0
g1_backonzone_GBtowardmiddle_0001.jpg,1,278.0,211.0,330.0,261.0
g1_backonzone_GBtowardmiddle_0001.jpg,1,57.0,325.0,163.0,458.0
g1_backonzone_GBtowardmiddle_0001.jpg,1,395.0,16.0,439.0,63.0
g1_backonzone_GBtowardmiddle_0001.jpg,1,956.0,41.0,1014.0,105.0
g1_backonzone_GBtowardmiddle_0001.jpg,1,802.0,342.0,837.0,363.0
g1_backonzone_GBtowardmiddle_0001.jpg,1,641.0,672.0,728.0,733.0
BF X500K05(3).jpg,1,482.0,394.0,576.0,498.0
BF X500K05(3).jpg,1,481.0,836.0,570.0,935.0
BF X500K05(3).jpg,1,204.0,665.0,289.0,753.0
BF X500K05(3).jpg,1,310.0,918.0,360.0,987.0
BF X500K05(3).jpg,1,753.0,849.0,804.0,911.0
BF X500K05(3).jpg,1,906.0,396.0,1016.0,545.0
BF X500K05(3).jpg,1,414.0,221.0,473.0,270.0
BF X500K05(3).jpg,1,523.0,629.0,575.0,693.0
BF X500K05(3).jpg,1,165.0,683.0,208.0,736.0
BF X500K05(3).jpg,1,721.0,691.0,772.0,738.0
BF X500K05(3).jpg,1,104.0,894.0,133.0,929.0
BF X500K05(3).jpg,1,944.0,800.0,1013.0,909.0
BF X500K05(3).jpg,1,191.0,211.0,367.0,391.0
BF X500K05(3).jpg,1,891.0,220.0,925.0,257.0
BF X500K05(3).jpg,1,861.0,687.0,993.0,838.0
BF X500K05(3).jpg,1,640.0,251.0,692.0,372.0
map8_70kx_onzap_CL4100.jpg,1,271.0,897.0,349.0,990.0
map8_70kx_onzap_CL4100.jpg,1,225.0,445.0,289.0,498.0
map8_70kx_onzap_CL4100.jpg,1,540.0,334.0,579.0,381.0
map8_70kx_onzap_CL4100.jpg,1,599.0,76.0,631.0,104.0
map8_70kx_onzap_CL4100.jpg,1,166.0,524.0,188.0,543.0
map8_70kx_onzap_CL4100.jpg,1,462.0,188.0,508.0,230.0
map8_70kx_onzap_CL4100.jpg,1,301.0,288.0,322.0,308.0
map8_70kx_onzap_CL4100.jpg,1,799.0,774.0,835.0,846.0
map8_70kx_onzap_CL4100.jpg,1,824.0,60.0,854.0,91.0
map8_70kx_onzap_CL4100.jpg,1,778.0,670.0,805.0,699.0
map8_70kx_onzap_CL4100.jpg,1,199.0,253.0,215.0,272.0
map8_70kx_onzap_CL4100.jpg,1,379.0,228.0,401.0,250.0
map8_70kx_onzap_CL4100.jpg,1,19.0,506.0,48.0,543.0
map8_70kx_onzap_CL4100.jpg,1,875.0,64.0,919.0,94.0
map8_70kx_onzap_CL4100.jpg,1,684.0,796.0,706.0,816.0
map8_70kx_onzap_CL4100.jpg,1,697.0,47.0,717.0,72.0
map8_70kx_onzap_CL4100.jpg,1,81.0,474.0,103.0,493.0
map8_70kx_onzap_CL4100.jpg,1,410.0,780.0,427.0,803.0
map8_70kx_onzap_CL4100.jpg,1,350.0,490.0,371.0,511.0
map8_70kx_onzap_CL4100.jpg,1,87.0,434.0,106.0,453.0
map8_70kx_onzap_CL4100.jpg,1,637.0,395.0,651.0,414.0
map8_70kx_onzap_CL4100.jpg,1,642.0,502.0,712.0,570.0
map8_70kx_onzap_CL4100.jpg,1,395.0,31.0,442.0,66.0
g1_backonzone_GBtowardsfrom_0009.jpg,1,338.0,816.0,435.0,881.0
g1_backonzone_GBtowardsfrom_0009.jpg,1,306.0,648.0,394.0,758.0
g1_backonzone_GBtowardsfrom_0009.jpg,1,578.0,803.0,638.0,873.0
g1_backonzone_GBtowardsfrom_0009.jpg,1,417.0,726.0,523.0,797.0
g1_backonzone_GBtowardsfrom_0009.jpg,1,867.0,370.0,941.0,418.0
g1_backonzone_GBtowardsfrom_0009.jpg,1,930.0,734.0,1007.0,802.0
g1_backonzone_GBtowardsfrom_0009.jpg,1,705.0,678.0,802.0,739.0
g1_backonzone_GBtowardsfrom_0009.jpg,1,206.0,723.0,297.0,768.0
g1_backonzone_GBtowardsfrom_0009.jpg,1,720.0,737.0,769.0,817.0
g1_backonzone_GBtowardsfrom_0009.jpg,1,536.0,693.0,613.0,739.0
g1_backonzone_GBtowardsfrom_0009.jpg,1,483.0,469.0,518.0,522.0
g1_backonzone_GBtowardsfrom_0009.jpg,1,770.0,733.0,822.0,805.0
g1_backonzone_GBtowardsfrom_0009.jpg,1,667.0,606.0,709.0,661.0
g1_backonzone_GBtowardsfrom_0009.jpg,1,937.0,426.0,992.0,460.0
g1_backonzone_GBtowardsfrom_0009.jpg,1,691.0,469.0,725.0,521.0
g1_backonzone_GBtowardsfrom_0009.jpg,1,119.0,653.0,172.0,701.0
g1_backonzone_GBtowardsfrom_0009.jpg,1,244.0,855.0,291.0,903.0
g1_backonzone_GBtowardsfrom_0009.jpg,1,2.0,625.0,58.0,685.0
g1_backonzone_GBtowardsfrom_0009.jpg,1,245.0,319.0,278.0,362.0
g1_backonzone_GBtowardsfrom_0009.jpg,1,883.0,226.0,915.0,271.0
g1_backonzone_GBtowardsfrom_0009.jpg,1,-2.0,818.0,46.0,876.0
g1_backonzone_GBtowardsfrom_0009.jpg,1,824.0,596.0,860.0,640.0
g1_backonzone_GBtowardsfrom_0009.jpg,1,830.0,870.0,926.0,930.0
g1_backonzone_GBtowardsfrom_0009.jpg,1,24.0,502.0,50.0,548.0
g1_backonzone_GBtowardsfrom_0009.jpg,1,430.0,898.0,524.0,967.0
g1_backonzone_GBtowardsfrom_0009.jpg,1,225.0,613.0,269.0,675.0
g1_backonzone_GBtowardsfrom_0009.jpg,1,593.0,517.0,627.0,554.0
g1_backonzone_GBtowardsfrom_0009.jpg,1,779.0,107.0,805.0,144.0
g1_backonzone_GBtowardsfrom_0009.jpg,1,769.0,338.0,792.0,380.0
g1_backonzone_GBtowardsfrom_0009.jpg,1,716.0,276.0,737.0,305.0
g1_backonzone_GBtowardsfrom_0009.jpg,1,812.0,293.0,848.0,320.0
g1_backonzone_GBtowardsfrom_0009.jpg,1,33.0,694.0,89.0,743.0
g1_backonzone_GBtowardsfrom_0009.jpg,1,597.0,32.0,625.0,68.0
g1_backonzone_GBtowardsfrom_0009.jpg,1,912.0,76.0,934.0,110.0
g1_backonzone_GBtowardsfrom_0009.jpg,1,54.0,717.0,97.0,767.0
g1_backonzone_GBtowardsfrom_0009.jpg,1,400.0,212.0,446.0,247.0
g1_backonzone_GBtowardsfrom_0009.jpg,1,606.0,488.0,647.0,526.0
g1_backonzone_GBtowardsfrom_0009.jpg,1,170.0,541.0,206.0,570.0
g1_backonzone_GBtowardsfrom_0009.jpg,1,406.0,540.0,449.0,580.0
g1_backonzone_GBtowardsfrom_0009.jpg,1,352.0,54.0,378.0,96.0
g1_backonzone_GBtowardsfrom_0009.jpg,1,276.0,356.0,314.0,391.0
g1_backonzone_GBtowardsfrom_0009.jpg,1,457.0,567.0,508.0,609.0
g1_backonzone_GBtowardsfrom_0009.jpg,1,141.0,227.0,179.0,257.0
g1_backonzone_GBtowardsfrom_0009.jpg,1,835.0,229.0,858.0,265.0
g1_backonzone_GBtowardsfrom_0009.jpg,1,982.0,237.0,1004.0,272.0
g1_backonzone_GBtowardsfrom_0009.jpg,1,896.0,607.0,941.0,663.0
g1_backonzone_GBtowardsfrom_0009.jpg,1,97.0,187.0,123.0,227.0
g1_backonzone_GBtowardsfrom_0009.jpg,1,769.0,475.0,812.0,523.0
g1_backonzone_GBtowardsfrom_0009.jpg,1,170.0,599.0,197.0,633.0
2501_300kx_1nm_clhaadf3_0042.jpg,1,138.0,188.0,224.0,267.0
2501_300kx_1nm_clhaadf3_0042.jpg,1,501.0,695.0,565.0,746.0
2501_300kx_1nm_clhaadf3_0042.jpg,1,360.0,351.0,439.0,422.0
2501_300kx_1nm_clhaadf3_0042.jpg,1,181.0,392.0,220.0,418.0
2501_300kx_1nm_clhaadf3_0042.jpg,1,477.0,450.0,508.0,490.0
2501_300kx_1nm_clhaadf3_0042.jpg,1,729.0,859.0,777.0,901.0
2501_300kx_1nm_clhaadf3_0042.jpg,1,257.0,430.0,293.0,464.0
2501_300kx_1nm_clhaadf3_0042.jpg,1,924.0,29.0,963.0,92.0
2501_300kx_1nm_clhaadf3_0042.jpg,1,204.0,462.0,228.0,487.0
2501_300kx_1nm_clhaadf3_0042.jpg,1,250.0,969.0,351.0,1012.0
2501_300kx_1nm_clhaadf3_0042.jpg,1,615.0,119.0,648.0,141.0
2501_300kx_1nm_clhaadf3_0042.jpg,1,142.0,768.0,180.0,796.0
2501_300kx_1nm_clhaadf3_0042.jpg,1,27.0,244.0,58.0,276.0
2501_300kx_1nm_clhaadf3_0042.jpg,1,15.0,527.0,43.0,562.0
grid1_roi2_500kx_0p5nm_haadf1_0061.jpg,1,631.0,525.0,738.0,585.0
grid1_roi2_500kx_0p5nm_haadf1_0061.jpg,1,873.0,434.0,927.0,532.0
grid1_roi2_500kx_0p5nm_haadf1_0061.jpg,1,265.0,11.0,390.0,106.0
grid1_roi2_500kx_0p5nm_haadf1_0061.jpg,1,656.0,600.0,750.0,742.0
grid1_roi2_500kx_0p5nm_haadf1_0061.jpg,1,452.0,841.0,513.0,931.0
grid1_roi2_500kx_0p5nm_haadf1_0061.jpg,1,557.0,371.0,674.0,434.0
grid1_roi2_500kx_0p5nm_haadf1_0061.jpg,1,512.0,643.0,578.0,690.0
grid1_roi2_500kx_0p5nm_haadf1_0061.jpg,1,561.0,132.0,684.0,185.0
grid1_roi2_500kx_0p5nm_haadf1_0061.jpg,1,165.0,106.0,226.0,186.0
grid1_roi2_500kx_0p5nm_haadf1_0061.jpg,1,165.0,-6.0,228.0,65.0
grid1_roi2_500kx_0p5nm_haadf1_0061.jpg,1,292.0,359.0,331.0,411.0
grid1_roi2_500kx_0p5nm_haadf1_0061.jpg,1,790.0,226.0,847.0,270.0
grid1_roi2_500kx_0p5nm_haadf1_0061.jpg,1,47.0,722.0,216.0,881.0
grid1_roi2_500kx_0p5nm_haadf1_0061.jpg,1,946.0,124.0,982.0,201.0
grid1_roi2_500kx_0p5nm_haadf1_0061.jpg,1,423.0,931.0,453.0,971.0
200kV_500kx_p2nm_8cmCL_grain2_0008.jpg,1,25.0,82.0,85.0,136.0
200kV_500kx_p2nm_8cmCL_grain2_0008.jpg,1,381.0,55.0,426.0,102.0
200kV_500kx_p2nm_8cmCL_grain2_0008.jpg,1,318.0,286.0,353.0,313.0
200kV_500kx_p2nm_8cmCL_grain2_0008.jpg,1,874.0,723.0,917.0,753.0
200kV_500kx_p2nm_8cmCL_grain2_0008.jpg,1,778.0,828.0,810.0,851.0
200kV_500kx_p2nm_8cmCL_grain2_0008.jpg,1,399.0,171.0,421.0,204.0
200kV_500kx_p2nm_8cmCL_grain2_0008.jpg,1,400.0,335.0,428.0,359.0
200kV_500kx_p2nm_8cmCL_grain2_0008.jpg,1,457.0,126.0,482.0,165.0
200kV_500kx_p2nm_8cmCL_grain2_0008.jpg,1,763.0,610.0,786.0,633.0
200kV_500kx_p2nm_8cmCL_grain2_0008.jpg,1,531.0,218.0,548.0,241.0
200kV_500kx_p2nm_8cmCL_grain2_0008.jpg,1,482.0,36.0,507.0,67.0
grid1_roi1_500kx_0p5nm_haadf1_0013.jpg,1,748.0,209.0,848.0,292.0
grid1_roi1_500kx_0p5nm_haadf1_0013.jpg,1,676.0,138.0,746.0,232.0
grid1_roi1_500kx_0p5nm_haadf1_0013.jpg,1,287.0,560.0,331.0,623.0
grid1_roi1_500kx_0p5nm_haadf1_0013.jpg,1,884.0,73.0,930.0,141.0
grid1_roi1_500kx_0p5nm_haadf1_0013.jpg,1,326.0,663.0,355.0,714.0
grid1_roi1_500kx_0p5nm_haadf1_0013.jpg,1,378.0,458.0,417.0,507.0
grid1_roi1_500kx_0p5nm_haadf1_0013.jpg,1,587.0,-2.0,692.0,142.0
grid1_roi1_500kx_0p5nm_haadf1_0013.jpg,1,231.0,207.0,392.0,365.0
grid1_roi1_500kx_0p5nm_haadf1_0013.jpg,1,354.0,886.0,467.0,972.0
grid1_roi1_500kx_0p5nm_haadf1_0013.jpg,1,-1.0,234.0,156.0,382.0
ROI10_100kx_4200CL_foil1.jpg,1,450.0,928.0,527.0,982.0
ROI10_100kx_4200CL_foil1.jpg,1,280.0,348.0,356.0,399.0
ROI10_100kx_4200CL_foil1.jpg,1,287.0,114.0,371.0,203.0
ROI10_100kx_4200CL_foil1.jpg,1,959.0,555.0,1007.0,598.0
ROI10_100kx_4200CL_foil1.jpg,1,662.0,555.0,724.0,616.0
ROI10_100kx_4200CL_foil1.jpg,1,416.0,405.0,462.0,466.0
ROI10_100kx_4200CL_foil1.jpg,1,861.0,513.0,906.0,552.0
ROI10_100kx_4200CL_foil1.jpg,1,691.0,97.0,737.0,132.0
ROI10_100kx_4200CL_foil1.jpg,1,710.0,614.0,736.0,654.0
ROI10_100kx_4200CL_foil1.jpg,1,107.0,883.0,175.0,945.0
ROI10_100kx_4200CL_foil1.jpg,1,980.0,229.0,1006.0,248.0
ROI10_100kx_4200CL_foil1.jpg,1,294.0,771.0,336.0,812.0
ROI10_100kx_4200CL_foil1.jpg,1,623.0,657.0,695.0,737.0
ROI10_100kx_4200CL_foil1.jpg,1,57.0,811.0,116.0,849.0
ROI10_100kx_4200CL_foil1.jpg,1,439.0,861.0,466.0,891.0
ROI10_100kx_4200CL_foil1.jpg,1,114.0,818.0,163.0,879.0
ROI10_100kx_4200CL_foil1.jpg,1,246.0,584.0,305.0,631.0
ROI10_100kx_4200CL_foil1.jpg,1,938.0,163.0,958.0,189.0
ROI10_100kx_4200CL_foil1.jpg,1,90.0,759.0,123.0,785.0
ROI10_100kx_4200CL_foil1.jpg,1,37.0,440.0,61.0,478.0
ROI10_100kx_4200CL_foil1.jpg,1,865.0,795.0,901.0,819.0
ROI10_100kx_4200CL_foil1.jpg,1,138.0,392.0,170.0,412.0
ROI10_100kx_4200CL_foil1.jpg,1,219.0,65.0,242.0,93.0
ROI10_100kx_4200CL_foil1.jpg,1,41.0,386.0,69.0,408.0
ROI10_100kx_4200CL_foil1.jpg,1,291.0,456.0,338.0,482.0
ROI10_100kx_4200CL_foil1.jpg,1,731.0,657.0,774.0,703.0
ROI10_100kx_4200CL_foil1.jpg,1,584.0,675.0,626.0,712.0
ROI10_100kx_4200CL_foil1.jpg,1,244.0,25.0,269.0,44.0
ROI10_100kx_4200CL_foil1.jpg,1,963.0,189.0,996.0,218.0
ROI10_100kx_4200CL_foil1.jpg,1,609.0,255.0,633.0,277.0
ROI10_100kx_4200CL_foil1.jpg,1,105.0,446.0,133.0,471.0
ROI10_100kx_4200CL_foil1.jpg,1,903.0,90.0,918.0,110.0
ROI10_100kx_4200CL_foil1.jpg,1,934.0,715.0,972.0,750.0
ROI10_100kx_4200CL_foil1.jpg,1,619.0,368.0,653.0,403.0
ROI10_100kx_4200CL_foil1.jpg,1,456.0,379.0,480.0,407.0
ROI10_100kx_4200CL_foil1.jpg,1,46.0,868.0,90.0,909.0
ROI10_100kx_4200CL_foil1.jpg,1,9.0,909.0,28.0,928.0
ROI10_100kx_4200CL_foil1.jpg,1,489.0,688.0,511.0,707.0
ROI10_100kx_4200CL_foil1.jpg,1,827.0,321.0,860.0,348.0
ROI10_100kx_4200CL_foil1.jpg,1,507.0,276.0,527.0,295.0
ROI10_100kx_4200CL_foil1.jpg,1,92.0,636.0,146.0,662.0
ROI10_100kx_4200CL_foil1.jpg,1,528.0,145.0,553.0,171.0
ROI10_100kx_4200CL_foil1.jpg,1,540.0,447.0,568.0,483.0
ROI10_100kx_4200CL_foil1.jpg,1,706.0,779.0,724.0,795.0
ROI10_100kx_4200CL_foil1.jpg,1,756.0,411.0,812.0,467.0
ROI10_100kx_4200CL_foil1.jpg,1,42.0,883.0,81.0,918.0
ROI10_100kx_4200CL_foil1.jpg,1,36.0,903.0,60.0,925.0
ROI10_100kx_4200CL_foil1.jpg,1,674.0,431.0,695.0,449.0
ROI10_100kx_4200CL_foil1.jpg,1,508.0,516.0,523.0,533.0
ROI10_100kx_4200CL_foil1.jpg,1,36.0,922.0,56.0,939.0
ROI10_100kx_4200CL_foil1.jpg,1,605.0,115.0,638.0,165.0
2501_300kx_1nm_clhaadf3_0052.jpg,1,743.0,413.0,802.0,467.0
2501_300kx_1nm_clhaadf3_0052.jpg,1,452.0,310.0,502.0,351.0
2501_300kx_1nm_clhaadf3_0052.jpg,1,530.0,93.0,575.0,137.0
2501_300kx_1nm_clhaadf3_0052.jpg,1,364.0,330.0,420.0,373.0
2501_300kx_1nm_clhaadf3_0052.jpg,1,713.0,817.0,773.0,854.0
2501_300kx_1nm_clhaadf3_0052.jpg,1,252.0,331.0,300.0,364.0
2501_300kx_1nm_clhaadf3_0052.jpg,1,782.0,832.0,842.0,886.0
2501_300kx_1nm_clhaadf3_0052.jpg,1,328.0,765.0,359.0,795.0
2501_300kx_1nm_clhaadf3_0052.jpg,1,591.0,839.0,628.0,874.0
2501_300kx_1nm_clhaadf3_0052.jpg,1,771.0,149.0,806.0,192.0
2501_300kx_1nm_clhaadf3_0052.jpg,1,467.0,841.0,505.0,870.0
200kV_500kx_p2nm_8cmCL_grain1_0036.jpg,1,676.0,632.0,750.0,701.0
200kV_500kx_p2nm_8cmCL_grain1_0036.jpg,1,56.0,726.0,131.0,792.0
200kV_500kx_p2nm_8cmCL_grain1_0036.jpg,1,904.0,573.0,1000.0,627.0
200kV_500kx_p2nm_8cmCL_grain1_0036.jpg,1,694.0,512.0,759.0,579.0
200kV_500kx_p2nm_8cmCL_grain1_0036.jpg,1,819.0,517.0,897.0,572.0
200kV_500kx_p2nm_8cmCL_grain1_0036.jpg,1,544.0,625.0,598.0,708.0
200kV_500kx_p2nm_8cmCL_grain1_0036.jpg,1,911.0,300.0,976.0,364.0
200kV_500kx_p2nm_8cmCL_grain1_0036.jpg,1,446.0,207.0,514.0,288.0
200kV_500kx_p2nm_8cmCL_grain1_0036.jpg,1,932.0,395.0,1003.0,483.0
200kV_500kx_p2nm_8cmCL_grain1_0036.jpg,1,423.0,502.0,460.0,574.0
200kV_500kx_p2nm_8cmCL_grain1_0036.jpg,1,760.0,569.0,810.0,659.0
200kV_500kx_p2nm_8cmCL_grain1_0036.jpg,1,83.0,573.0,160.0,618.0
200kV_500kx_p2nm_8cmCL_grain1_0036.jpg,1,469.0,636.0,520.0,682.0
200kV_500kx_p2nm_8cmCL_grain1_0036.jpg,1,822.0,618.0,872.0,662.0
200kV_500kx_p2nm_8cmCL_grain1_0036.jpg,1,908.0,696.0,948.0,745.0
200kV_500kx_p2nm_8cmCL_grain1_0036.jpg,1,804.0,363.0,844.0,421.0
200kV_500kx_p2nm_8cmCL_grain1_0036.jpg,1,219.0,436.0,278.0,482.0
200kV_500kx_p2nm_8cmCL_grain1_0036.jpg,1,8.0,598.0,76.0,647.0
200kV_500kx_p2nm_8cmCL_grain1_0036.jpg,1,796.0,426.0,867.0,464.0
200kV_500kx_p2nm_8cmCL_grain1_0036.jpg,1,333.0,285.0,360.0,335.0
200kV_500kx_p2nm_8cmCL_grain1_0036.jpg,1,456.0,397.0,503.0,438.0
200kV_500kx_p2nm_8cmCL_grain1_0036.jpg,1,179.0,644.0,298.0,752.0
200kV_500kx_p2nm_8cmCL_grain1_0036.jpg,1,22.0,488.0,78.0,534.0
200kV_500kx_p2nm_8cmCL_grain1_0036.jpg,1,643.0,215.0,678.0,267.0
200kV_500kx_p2nm_8cmCL_grain1_0036.jpg,1,182.0,514.0,216.0,568.0
200kV_500kx_p2nm_8cmCL_grain1_0036.jpg,1,37.0,30.0,75.0,68.0
200kV_500kx_p2nm_8cmCL_grain1_0036.jpg,1,915.0,24.0,966.0,56.0
200kV_500kx_p2nm_8cmCL_grain1_0036.jpg,1,390.0,379.0,421.0,427.0
200kV_500kx_p2nm_8cmCL_grain1_0036.jpg,1,1.0,671.0,41.0,760.0
200kV_500kx_p2nm_8cmCL_grain1_0036.jpg,1,689.0,439.0,734.0,489.0
200kV_500kx_p2nm_8cmCL_grain1_0036.jpg,1,530.0,483.0,572.0,531.0
200kV_500kx_p2nm_8cmCL_grain1_0036.jpg,1,643.0,162.0,674.0,206.0
200kV_500kx_p2nm_8cmCL_grain1_0036.jpg,1,674.0,383.0,697.0,425.0
200kV_500kx_p2nm_8cmCL_grain1_0036.jpg,1,311.0,183.0,347.0,229.0
200kV_500kx_p2nm_8cmCL_grain1_0036.jpg,1,564.0,123.0,590.0,164.0
200kV_500kx_p2nm_8cmCL_grain1_0036.jpg,1,48.0,263.0,82.0,297.0
200kV_500kx_p2nm_8cmCL_grain1_0036.jpg,1,899.0,117.0,930.0,147.0
200kV_500kx_p2nm_8cmCL_grain1_0036.jpg,1,266.0,238.0,290.0,268.0
200kV_500kx_p2nm_8cmCL_grain1_0036.jpg,1,577.0,396.0,612.0,442.0
200kV_500kx_p2nm_8cmCL_grain1_0036.jpg,1,801.0,187.0,823.0,218.0
200kV_500kx_p2nm_8cmCL_grain1_0036.jpg,1,974.0,252.0,1007.0,295.0
200kV_500kx_p2nm_8cmCL_grain1_0036.jpg,1,316.0,488.0,409.0,559.0
grid1_roi1_500kx_0p5nm_haadf1_0025.jpg,1,834.0,170.0,924.0,294.0
grid1_roi1_500kx_0p5nm_haadf1_0025.jpg,1,603.0,403.0,671.0,496.0
grid1_roi1_500kx_0p5nm_haadf1_0025.jpg,1,424.0,115.0,482.0,196.0
grid1_roi1_500kx_0p5nm_haadf1_0025.jpg,1,614.0,246.0,750.0,351.0
grid1_roi1_500kx_0p5nm_haadf1_0025.jpg,1,192.0,415.0,302.0,546.0
grid1_roi1_500kx_0p5nm_haadf1_0025.jpg,1,-5.0,562.0,83.0,639.0
grid1_roi1_500kx_0p5nm_haadf1_0025.jpg,1,470.0,278.0,528.0,360.0
grid1_roi1_500kx_0p5nm_haadf1_0025.jpg,1,666.0,155.0,735.0,258.0
grid1_roi1_500kx_0p5nm_haadf1_0025.jpg,1,361.0,-6.0,450.0,103.0
grid1_roi1_500kx_0p5nm_haadf1_0025.jpg,1,754.0,335.0,801.0,403.0
grid1_roi1_500kx_0p5nm_haadf1_0025.jpg,1,392.0,871.0,456.0,918.0
grid1_roi1_500kx_0p5nm_haadf1_0025.jpg,1,560.0,72.0,619.0,189.0
grid1_roi1_500kx_0p5nm_haadf1_0025.jpg,1,243.0,156.0,445.0,325.0
grid1_roi1_500kx_0p5nm_haadf1_0025.jpg,1,79.0,545.0,140.0,676.0
grid1_roi1_500kx_0p5nm_haadf1_0025.jpg,1,739.0,720.0,786.0,771.0
grid1_roi1_500kx_0p5nm_haadf1_0025.jpg,1,564.0,215.0,593.0,260.0
grid1_roi1_500kx_0p5nm_haadf1_0025.jpg,1,704.0,387.0,743.0,423.0
grid1_roi1_500kx_0p5nm_haadf1_0025.jpg,1,126.0,614.0,285.0,769.0
1ROI_100kx_4100CL_foil1.jpg,1,689.0,776.0,753.0,859.0
1ROI_100kx_4100CL_foil1.jpg,1,837.0,286.0,906.0,370.0
1ROI_100kx_4100CL_foil1.jpg,1,570.0,797.0,629.0,865.0
1ROI_100kx_4100CL_foil1.jpg,1,138.0,489.0,197.0,553.0
1ROI_100kx_4100CL_foil1.jpg,1,508.0,604.0,563.0,690.0
1ROI_100kx_4100CL_foil1.jpg,1,916.0,836.0,979.0,895.0
1ROI_100kx_4100CL_foil1.jpg,1,822.0,138.0,876.0,194.0
1ROI_100kx_4100CL_foil1.jpg,1,93.0,908.0,159.0,1006.0
1ROI_100kx_4100CL_foil1.jpg,1,742.0,870.0,784.0,933.0
1ROI_100kx_4100CL_foil1.jpg,1,635.0,322.0,664.0,367.0
1ROI_100kx_4100CL_foil1.jpg,1,101.0,47.0,188.0,126.0
1ROI_100kx_4100CL_foil1.jpg,1,228.0,718.0,258.0,764.0
1ROI_100kx_4100CL_foil1.jpg,1,354.0,561.0,387.0,613.0
1ROI_100kx_4100CL_foil1.jpg,1,796.0,576.0,846.0,609.0
1ROI_100kx_4100CL_foil1.jpg,1,140.0,836.0,197.0,902.0
1ROI_100kx_4100CL_foil1.jpg,1,294.0,239.0,327.0,264.0
1ROI_100kx_4100CL_foil1.jpg,1,946.0,161.0,996.0,204.0
1ROI_100kx_4100CL_foil1.jpg,1,476.0,774.0,558.0,857.0
1ROI_100kx_4100CL_foil1.jpg,1,415.0,690.0,443.0,746.0
1ROI_100kx_4100CL_foil1.jpg,1,922.0,354.0,952.0,393.0
1ROI_100kx_4100CL_foil1.jpg,1,355.0,752.0,386.0,791.0
1ROI_100kx_4100CL_foil1.jpg,1,614.0,710.0,687.0,770.0
1ROI_100kx_4100CL_foil1.jpg,1,392.0,495.0,417.0,527.0
1ROI_100kx_4100CL_foil1.jpg,1,956.0,265.0,978.0,288.0
1ROI_100kx_4100CL_foil1.jpg,1,302.0,165.0,333.0,208.0
1ROI_100kx_4100CL_foil1.jpg,1,567.0,655.0,664.0,737.0
1ROI_100kx_4100CL_foil1.jpg,1,561.0,747.0,601.0,787.0
1ROI_100kx_4100CL_foil1.jpg,1,223.0,108.0,257.0,131.0
1ROI_100kx_4100CL_foil1.jpg,1,315.0,456.0,350.0,486.0
1ROI_100kx_4100CL_foil1.jpg,1,2.0,857.0,37.0,902.0
1ROI_100kx_4100CL_foil1.jpg,1,990.0,893.0,1012.0,925.0
1ROI_100kx_4100CL_foil1.jpg,1,936.0,195.0,966.0,223.0
1ROI_100kx_4100CL_foil1.jpg,1,477.0,265.0,500.0,286.0
1ROI_100kx_4100CL_foil1.jpg,1,116.0,229.0,143.0,254.0
1ROI_100kx_4100CL_foil1.jpg,1,528.0,558.0,588.0,598.0
1ROI_100kx_4100CL_foil1.jpg,1,17.0,490.0,33.0,513.0
1ROI_100kx_4100CL_foil1.jpg,1,522.0,170.0,540.0,195.0
1ROI_100kx_4100CL_foil1.jpg,1,217.0,46.0,244.0,71.0
1ROI_100kx_4100CL_foil1.jpg,1,204.0,405.0,231.0,429.0
1ROI_100kx_4100CL_foil1.jpg,1,567.0,888.0,587.0,912.0
1ROI_100kx_4100CL_foil1.jpg,1,294.0,548.0,312.0,570.0
1ROI_100kx_4100CL_foil1.jpg,1,150.0,155.0,183.0,182.0
1ROI_100kx_4100CL_foil1.jpg,1,361.0,900.0,382.0,925.0
1ROI_100kx_4100CL_foil1.jpg,1,372.0,182.0,394.0,206.0
1ROI_100kx_4100CL_foil1.jpg,1,254.0,832.0,283.0,854.0
1ROI_100kx_4100CL_foil1.jpg,1,290.0,330.0,339.0,377.0
1ROI_100kx_4100CL_foil1.jpg,1,594.0,283.0,622.0,309.0
1ROI_100kx_4100CL_foil1.jpg,1,262.0,76.0,302.0,108.0
1ROI_100kx_4100CL_foil1.jpg,1,390.0,16.0,418.0,41.0
K713_300kx_store4_grid1_0027.jpg,1,248.0,325.0,322.0,389.0
K713_300kx_store4_grid1_0027.jpg,1,921.0,612.0,995.0,676.0
K713_300kx_store4_grid1_0027.jpg,1,402.0,854.0,474.0,911.0
K713_300kx_store4_grid1_0027.jpg,1,871.0,833.0,977.0,913.0
K713_300kx_store4_grid1_0027.jpg,1,505.0,383.0,585.0,451.0
K713_300kx_store4_grid1_0027.jpg,1,162.0,734.0,259.0,809.0
K713_300kx_store4_grid1_0027.jpg,1,614.0,426.0,665.0,476.0
K713_300kx_store4_grid1_0027.jpg,1,587.0,514.0,653.0,579.0
K713_300kx_store4_grid1_0027.jpg,1,707.0,885.0,766.0,944.0
K713_300kx_store4_grid1_0027.jpg,1,763.0,398.0,827.0,464.0
K713_300kx_store4_grid1_0027.jpg,1,280.0,172.0,339.0,216.0
K713_300kx_store4_grid1_0027.jpg,1,481.0,798.0,539.0,868.0
K713_300kx_store4_grid1_0027.jpg,1,694.0,771.0,744.0,812.0
K713_300kx_store4_grid1_0027.jpg,1,409.0,939.0,464.0,993.0
K713_300kx_store4_grid1_0027.jpg,1,915.0,190.0,964.0,286.0
K713_300kx_store4_grid1_0027.jpg,1,74.0,465.0,139.0,545.0
K713_300kx_store4_grid1_0027.jpg,1,294.0,266.0,368.0,333.0
K713_300kx_store4_grid1_0027.jpg,1,536.0,656.0,627.0,719.0
K713_300kx_store4_grid1_0027.jpg,1,375.0,484.0,433.0,521.0
K713_300kx_store4_grid1_0027.jpg,1,754.0,452.0,817.0,502.0
K713_300kx_store4_grid1_0027.jpg,1,680.0,948.0,725.0,1008.0
K713_300kx_store4_grid1_0027.jpg,1,68.0,789.0,117.0,846.0
K713_300kx_store4_grid1_0027.jpg,1,925.0,406.0,992.0,448.0
K713_300kx_store4_grid1_0027.jpg,1,823.0,383.0,875.0,425.0
K713_300kx_store4_grid1_0027.jpg,1,918.0,485.0,965.0,526.0
K713_300kx_store4_grid1_0027.jpg,1,421.0,451.0,473.0,494.0
K713_300kx_store4_grid1_0027.jpg,1,674.0,421.0,731.0,466.0
K713_300kx_store4_grid1_0027.jpg,1,843.0,14.0,869.0,58.0
K713_300kx_store4_grid1_0027.jpg,1,114.0,764.0,174.0,810.0
K713_300kx_store4_grid1_0027.jpg,1,657.0,612.0,689.0,659.0
K713_300kx_store4_grid1_0027.jpg,1,389.0,213.0,431.0,254.0
K713_300kx_store4_grid1_0027.jpg,1,671.0,705.0,713.0,744.0
K713_300kx_store4_grid1_0027.jpg,1,405.0,63.0,435.0,114.0
K713_300kx_store4_grid1_0027.jpg,1,708.0,374.0,755.0,416.0
K713_300kx_store4_grid1_0027.jpg,1,923.0,535.0,986.0,582.0
K713_300kx_store4_grid1_0027.jpg,1,542.0,222.0,599.0,266.0
K713_300kx_store4_grid1_0027.jpg,1,310.0,884.0,367.0,927.0
K713_300kx_store4_grid1_0027.jpg,1,403.0,240.0,443.0,283.0
K713_300kx_store4_grid1_0027.jpg,1,247.0,805.0,283.0,849.0
K713_300kx_store4_grid1_0027.jpg,1,449.0,279.0,538.0,344.0
K713_300kx_store4_grid1_0027.jpg,1,554.0,878.0,604.0,914.0
K713_300kx_store4_grid1_0027.jpg,1,598.0,290.0,633.0,328.0
K713_300kx_store4_grid1_0027.jpg,1,-0.0,315.0,58.0,374.0
K713_300kx_store4_grid1_0027.jpg,1,182.0,42.0,212.0,93.0
K713_300kx_store4_grid1_0027.jpg,1,211.0,115.0,256.0,174.0
K713_300kx_store4_grid1_0027.jpg,1,121.0,298.0,170.0,355.0
K713_300kx_store4_grid1_0027.jpg,1,168.0,939.0,209.0,981.0
K713_300kx_store4_grid1_0027.jpg,1,185.0,4.0,227.0,47.0
K713_300kx_store4_grid1_0027.jpg,1,182.0,19.0,220.0,75.0
K713_300kx_store4_grid1_0027.jpg,1,450.0,76.0,525.0,152.0
K713_300kx_store4_grid1_0027.jpg,1,6.0,739.0,36.0,777.0
K713_300kx_store4_grid1_0027.jpg,1,524.0,2.0,553.0,41.0
